data_year,arrestee_id,nibrs_arrestee_weapon_id,weapon_id
2021,44647723,,51
2021,44988819,,9
2021,44988803,,51
2021,44988815,,51
2021,44398472,,51
2021,46149913,,51
2021,44988804,,51
2021,44988816,,52
2021,44988795,,3
2021,44398598,,51
2021,44988926,,51
2021,44988776,,51
2021,44988807,,51
2021,44988790,,51
2021,44988812,,9
2021,44989555,,51
2021,45742478,,3
2021,44988802,,51
2021,44988791,,51
2021,44988799,,51
2021,46149947,,51
2021,44988782,,9
2021,44647748,,51
2021,44988784,,51
2021,44988830,,51
2021,45742654,,51
2021,45742655,,51
2021,44988852,,51
2021,44988789,,51
2021,44989631,,51
2021,44988915,,51
2021,44989578,,51
2021,44988796,,51
2021,44988821,,3
2021,44989347,,51
2021,44989649,,51
2021,44989540,,51
2021,44988856,,51
2021,44988813,,51
2021,44988798,,51
2021,44988862,,51
2021,44988917,,51
2021,44988787,,52
2021,44988809,,51
2021,44989601,,9
2021,44988808,,51
2021,44398588,,51
2021,44988822,,51
2021,44988823,,51
2021,43979258,,51
2021,45742435,,51
2021,44398500,,52
2021,44988794,,52
2021,44988797,,51
2021,45742448,,4
2021,44988814,,51
2021,44398468,,51
2021,44398469,,51
2021,44988901,,3
2021,44988902,,3
2021,44988793,,51
2021,44988800,,51
2021,44988849,,51
2021,44988792,,51
2021,44988779,,51
2021,44988785,,51
2021,44988811,,51
2021,44988875,,51
2021,44989340,,9
2021,44988840,,51
2021,44988788,,51
2021,44988834,,51
2021,43979208,,51
2021,44988876,,3
2021,44988827,,51
2021,44988892,,51
2021,44988843,,51
2021,44988870,,51
2021,44988831,,51
2021,44988832,,51
2021,44989573,,51
2021,44988846,,51
2021,44989059,,51
2021,44988883,,51
2021,46149887,,51
2021,44988839,,51
2021,44398501,,51
2021,44989643,,52
2021,44989359,,51
2021,44988933,,51
2021,44989618,,51
2021,44988847,,51
2021,45742223,,51
2021,44989552,,51
2021,44989553,,51
2021,44988880,,51
2021,44988836,,51
2021,44988885,,51
2021,44989603,,51
2021,44989379,,52
2021,44988851,,51
2021,44988874,,51
2021,44988818,,51
2021,44989362,,51
2021,45742308,,51
2021,45742420,,51
2021,44988828,,51
2021,44988889,,51
2021,44989598,,3
2021,44988869,,51
2021,44989622,,9
2021,44989671,,51
2021,44989382,,3
2021,44989334,,51
2021,44398621,,9
2021,44398466,,9
2021,44989611,,51
2021,44988858,,51
2021,45742754,,9
2021,44988859,,51
2021,44398519,,3
2021,44989608,,51
2021,44989366,,51
2021,44989363,,9
2021,44988833,,51
2021,44988853,,51
2021,44988848,,51
2021,45742473,,3
2021,44989396,,51
2021,44988855,,51
2021,44988850,,9
2021,44989607,,9
2021,44989564,,51
2021,46149874,,51
2021,44989590,,3
2021,44988997,,51
2021,44989637,,3
2021,44989398,,3
2021,44989399,,9
2021,44988867,,51
2021,44988842,,9
2021,44988820,,51
2021,44988877,,51
2021,44988845,,51
2021,44988935,,52
2021,44989405,,51
2021,44988887,,51
2021,44989394,,51
2021,44988991,,51
2021,44988903,,51
2021,44988844,,51
2021,46149893,,51
2021,46149892,,51
2021,44988863,,51
2021,44989349,,51
2021,46149863,,51
2021,44988881,,51
2021,44988884,,51
2021,44398496,,51
2021,44989576,,51
2021,44989544,,51
2021,45742372,,3
2021,46149836,,51
2021,44988841,,51
2021,44988837,,51
2021,44989543,,3
2021,44988873,,3
2021,44989085,,51
2021,44988864,,51
2021,44989541,,51
2021,44989392,,51
2021,44988923,,51
2021,44988910,,51
2021,44988907,,51
2021,44647726,,51
2021,44988914,,51
2021,44989352,,52
2021,44989064,,51
2021,44989542,,51
2021,44989600,,51
2021,44988918,,51
2021,44989094,,51
2021,44989095,,51
2021,44989604,,51
2021,44989589,,3
2021,44988919,,51
2021,44988936,,3
2021,44989336,,9
2021,44988931,,51
2021,44989592,,51
2021,44988934,,51
2021,44988939,,51
2021,44988893,,51
2021,44988912,,51
2021,44988941,,9
2021,44988835,,51
2021,44989353,,51
2021,44988952,,51
2021,44989599,,51
2021,45742748,,51
2021,44988940,,9
2021,44989378,,52
2021,44988899,,51
2021,44988906,,51
2021,43979280,,51
2021,43979281,,3
2021,44988898,,51
2021,44989404,,51
2021,44989397,,51
2021,44989633,,51
2021,44988911,,51
2021,44988956,,51
2021,44988947,,51
2021,44988957,,51
2021,44989129,,3
2021,44988908,,51
2021,44988964,,51
2021,44989383,,51
2021,44988942,,51
2021,44988954,,51
2021,44647759,,51
2021,45742470,,51
2021,44988921,,52
2021,44647771,,51
2021,44398483,,51
2021,44988958,,51
2021,44988913,,51
2021,44989390,,9
2021,44989579,,51
2021,45742309,,9
2021,45742434,,3
2021,45742438,,3
2021,44989557,,3
2021,44988925,,9
2021,45742752,,51
2021,44989360,,9
2021,44988900,,51
2021,44988891,,51
2021,44988904,,9
2021,44647743,,51
2021,44988953,,51
2021,44988938,,9
2021,44989072,,51
2021,44988916,,51
2021,44988949,,51
2021,44988927,,51
2021,44989079,,51
2021,44988937,,51
2021,44988962,,3
2021,44988955,,51
2021,44988924,,51
2021,44989062,,51
2021,44988946,,51
2021,44988932,,51
2021,44989355,,51
2021,44988943,,53
2021,44988976,,51
2021,46149861,,51
2021,46149880,,51
2021,44989083,,51
2021,44988993,,51
2021,44988998,,51
2021,44989041,,51
2021,44989174,,51
2021,44988995,,51
2021,44989584,,3
2021,44988978,,3
2021,44989028,,52
2021,44989400,,51
2021,44988971,,9
2021,44989386,,51
2021,44989387,,51
2021,44398528,,51
2021,44988990,,51
2021,44989537,,51
2021,44988981,,51
2021,44989030,,51
2021,44989024,,51
2021,44989606,,51
2021,44989634,,9
2021,44989013,,9
2021,44989623,,51
2021,44989018,,51
2021,44989612,,9
2021,46150015,,51
2021,44989020,,51
2021,44989021,,51
2021,44989628,,51
2021,44988988,,3
2021,44989613,,51
2021,44989627,,51
2021,44989536,,51
2021,44988986,,51
2021,44989597,,51
2021,44989641,,51
2021,44989345,,51
2021,44988994,,51
2021,44989645,,51
2021,44989535,,51
2021,44989567,,51
2021,44989554,,51
2021,44988959,,51
2021,44989388,,9
2021,44647725,,9
2021,44989654,,51
2021,44989588,,51
2021,44988969,,51
2021,44989551,,51
2021,44989346,,51
2021,44989008,,51
2021,44989632,,51
2021,44988982,,51
2021,44989015,,51
2021,44989651,,51
2021,44989639,,51
2021,44988989,,51
2021,44989032,,51
2021,44989373,,51
2021,44989646,,51
2021,44989620,,51
2021,44988999,,51
2021,44989012,,51
2021,44989343,,51
2021,44989003,,51
2021,44989595,,51
2021,44989577,,51
2021,44989640,,51
2021,44989550,,51
2021,44988970,,51
2021,44989565,,3
2021,44989571,,51
2021,44989006,,52
2021,44989558,,51
2021,44989559,,51
2021,44989348,,51
2021,44988984,,51
2021,44989562,,3
2021,44989401,,51
2021,44989609,,51
2021,44989031,,51
2021,44988980,,3
2021,45742638,,51
2021,44989574,,9
2021,45742729,,51
2021,44989033,,9
2021,44989586,,3
2021,44989037,,51
2021,44989038,,51
2021,44989602,,51
2021,44988977,,51
2021,44989011,,51
2021,44988963,,51
2021,44989625,,51
2021,44989580,,51
2021,44647721,,51
2021,44988961,,51
2021,44989369,,51
2021,44989122,,51
2021,44989605,,51
2021,44989638,,9
2021,44989619,,51
2021,45742747,,51
2021,44989614,,51
2021,44989078,,9
2021,44989556,,3
2021,44989594,,51
2021,44989545,,51
2021,44398504,,3
2021,44989626,,51
2021,44989568,,9
2021,44989141,,51
2021,45742551,,51
2021,44989624,,51
2021,44989104,,51
2021,44989333,,51
2021,44989583,,51
2021,44647788,,51
2021,44989561,,51
2021,45742656,,51
2021,44989629,,51
2021,44989108,,51
2021,44989106,,51
2021,44989569,,51
2021,44989615,,51
2021,44989616,,51
2021,44989125,,51
2021,44989575,,51
2021,44989148,,51
2021,45742672,,51
2021,44989395,,51
2021,44989582,,51
2021,44989089,,51
2021,44989644,,51
2021,44989546,,3
2021,44989112,,51
2021,44989587,,51
2021,44989049,,51
2021,44989547,,51
2021,44647761,,51
2021,44647762,,51
2021,44989342,,51
2021,44989585,,51
2021,44989566,,51
2021,44989110,,51
2021,44398493,,51
2021,44989636,,9
2021,44989063,,51
2021,44989596,,9
2021,44989084,,51
2021,44989642,,51
2021,44989091,,51
2021,44989538,,3
2021,44989065,,51
2021,44989066,,51
2021,44989391,,51
2021,44989560,,3
2021,44989092,,51
2021,44989134,,51
2021,45742456,,51
2021,44989067,,51
2021,44989743,,51
2021,44989810,,51
2021,44989811,,51
2021,44989060,,51
2021,44989045,,51
2021,44989086,,51
2021,44989757,,3
2021,44398526,,51
2021,44989787,,51
2021,44989380,,51
2021,44989696,,51
2021,44989745,,51
2021,44989813,,51
2021,44989119,,51
2021,44989098,,9
2021,44989655,,3
2021,44989819,,3
2021,44989732,,3
2021,44989087,,51
2021,44989761,,3
2021,44989093,,51
2021,44989767,,51
2021,44989124,,51
2021,44989726,,51
2021,44989807,,51
2021,44989741,,51
2021,44989729,,3
2021,44989710,,51
2021,44989664,,51
2021,44989751,,51
2021,44989685,,51
2021,44989686,,51
2021,44989687,,51
2021,44989070,,3
2021,44989800,,51
2021,44989736,,51
2021,44989674,,51
2021,46149850,,51
2021,44989109,,51
2021,44989754,,51
2021,45742411,,9
2021,44989043,,51
2021,44989244,,51
2021,44989245,,51
2021,44989133,,51
2021,44989193,,51
2021,44989163,,9
2021,44989673,,3
2021,44989156,,52
2021,45742657,,51
2021,44989123,,51
2021,44989210,,51
2021,44989167,,51
2021,45742761,,51
2021,44647746,,3
2021,44647747,,3
2021,44989172,,51
2021,46149834,,9
2021,46149907,,51
2021,44989183,,51
2021,44989155,,51
2021,44989165,,51
2021,44989232,,51
2021,44399058,,51
2021,44989243,,51
2021,44989168,,9
2021,46149941,,51
2021,44989725,,9
2021,44398534,,51
2021,44989220,,51
2021,44989147,,51
2021,44989160,,51
2021,44398473,,9
2021,44989408,,51
2021,44989784,,51
2021,44989150,,51
2021,44989225,,52
2021,44989795,,51
2021,44989781,,51
2021,46149888,,51
2021,44989169,,51
2021,45742358,,51
2021,44989204,,52
2021,44398513,,3
2021,44989182,,51
2021,44647750,,51
2021,44989217,,51
2021,46149869,,9
2021,44989171,,51
2021,44989166,,51
2021,44398470,,51
2021,44989234,,51
2021,44989173,,9
2021,44989763,,51
2021,44989371,,51
2021,44989335,,51
2021,46149896,,51
2021,44989151,,51
2021,44989684,,3
2021,44989186,,51
2021,44989219,,51
2021,44989161,,52
2021,44989130,,51
2021,44989153,,51
2021,44989189,,51
2021,44989184,,51
2021,44989721,,51
2021,44989722,,51
2021,44989712,,51
2021,44989224,,52
2021,44989177,,52
2021,44989786,,51
2021,44989717,,51
2021,44989748,,51
2021,44989749,,51
2021,44989237,,51
2021,43979173,,51
2021,44989128,,51
2021,44398611,,51
2021,44989196,,51
2021,44989115,,51
2021,44398510,,51
2021,44989221,,3
2021,44398475,,51
2021,44989170,,51
2021,44398507,,9
2021,44989656,,3
2021,44398585,,51
2021,44989197,,9
2021,44989680,,4
2021,44989691,,51
2021,44989358,,3
2021,44647819,,51
2021,44647820,,51
2021,44647821,,3
2021,44647822,,3
2021,44647738,,51
2021,44989159,,51
2021,44989766,,51
2021,44989178,,51
2021,44398592,,9
2021,44989653,,51
2021,46149895,,51
2021,44398530,,51
2021,44989241,,51
2021,44647848,,3
2021,44647849,,3
2021,44989190,,51
2021,44647906,,3
2021,44647907,,3
2021,44398465,,51
2021,44989675,,51
2021,44989175,,51
2021,43979226,,51
2021,43979227,,51
2021,44989351,,51
2021,44398498,,51
2021,44398494,,51
2021,44989239,,3
2021,44989201,,51
2021,44398487,,51
2021,44989180,,51
2021,43979209,,9
2021,44989191,,51
2021,44989118,,51
2021,44989158,,51
2021,44989808,,51
2021,44398492,,51
2021,44398503,,51
2021,44989337,,3
2021,44989199,,51
2021,45742582,,51
2021,45742526,,51
2021,44398489,,51
2021,44989661,,52
2021,44989200,,51
2021,44989370,,9
2021,44989140,,51
2021,44989157,,51
2021,45742621,,51
2021,44398522,,3
2021,44398524,,9
2021,44398499,,51
2021,44989120,,51
2021,44989146,,51
2021,44989198,,51
2021,44989775,,52
2021,44989406,,51
2021,43979233,,51
2021,44398474,,51
2021,44398476,,51
2021,44398497,,3
2021,44398486,,51
2021,44989782,,3
2021,44989758,,51
2021,44989759,,51
2021,44989760,,51
2021,44989706,,51
2021,44398515,,51
2021,43979241,,51
2021,44398561,,51
2021,44989164,,51
2021,46149899,,51
2021,44989783,,51
2021,44989187,,9
2021,44989127,,51
2021,44989145,,51
2021,44989154,,51
2021,44989735,,3
2021,44989202,,51
2021,43979262,,9
2021,44398579,,51
2021,44989142,,9
2021,44398650,,51
2021,44398652,,51
2021,44989179,,51
2021,44989149,,51
2021,44989248,,9
2021,44989733,,9
2021,44989734,,9
2021,44989212,,51
2021,46149873,,51
2021,44398612,,51
2021,44398550,,51
2021,44398545,,9
2021,44398553,,51
2021,44989666,,3
2021,44988890,,51
2021,44398552,,51
2021,44398623,,51
2021,44989368,,52
2021,44989892,,51
2021,44989257,,51
2021,44398601,,51
2021,44398570,,51
2021,44989253,,51
2021,44989794,,3
2021,44989251,,51
2021,44989207,,51
2021,44989208,,51
2021,44398558,,9
2021,44989230,,51
2021,44989338,,51
2021,44989228,,51
2021,44989250,,51
2021,44989700,,3
2021,44989701,,3
2021,44398600,,9
2021,44989235,,51
2021,44989236,,51
2021,44398618,,51
2021,44989256,,51
2021,45742740,,51
2021,44398566,,51
2021,44398511,,51
2021,44989747,,51
2021,44989790,,51
2021,45742367,,51
2021,44398619,,51
2021,44398532,,51
2021,44398533,,51
2021,44989242,,51
2021,44989218,,51
2021,44989246,,51
2021,44989660,,3
2021,44989247,,51
2021,43979232,,51
2021,44398572,,51
2021,44398637,,51
2021,44989753,,51
2021,44989238,,51
2021,44398577,,51
2021,44398590,,51
2021,44398582,,51
2021,44398556,,51
2021,44398557,,51
2021,44989746,,3
2021,46149849,,51
2021,43979186,,51
2021,44989703,,51
2021,44398595,,51
2021,44398606,,3
2021,44398607,,3
2021,44398608,,51
2021,44989231,,51
2021,44647735,,3
2021,44989693,,3
2021,44989252,,51
2021,44989690,,51
2021,44398593,,51
2021,44989716,,51
2021,46149860,,51
2021,44989750,,3
2021,44989341,,51
2021,43979239,,52
2021,44647722,,51
2021,43979216,,51
2021,43979217,,9
2021,44989793,,3
2021,43979168,,51
2021,43979169,,3
2021,43979170,,3
2021,43979261,,51
2021,43979255,,3
2021,44989117,,51
2021,43979228,,51
2021,43979131,,4
2021,43979189,,9
2021,45742629,,3
2021,43979237,,3
2021,43979237,,5
2021,43979238,,3
2021,43979238,,5
2021,43979134,,51
2021,43979179,,51
2021,45742256,,51
2021,43979283,,9
2021,43979199,,51
2021,43979172,,3
2021,44989704,,51
2021,43979147,,51
2021,43979162,,51
2021,43979221,,9
2021,43979194,,9
2021,43979276,,51
2021,43979164,,51
2021,44989678,,3
2021,44989702,,51
2021,43979167,,51
2021,43979161,,53
2021,46149864,,51
2021,46149961,,51
2021,46149930,,51
2021,43979154,,52
2021,43979148,,51
2021,43979175,,52
2021,43979270,,51
2021,44989827,,3
2021,43979183,,51
2021,43979140,,9
2021,43979206,,51
2021,43979247,,51
2021,43979248,,51
2021,43979187,,51
2021,44989719,,9
2021,43979190,,51
2021,44989669,,51
2021,44989563,,3
2021,43979305,,51
2021,45742521,,51
2021,43979362,,51
2021,43979331,,9
2021,43979332,,9
2021,43979322,,51
2021,43979374,,51
2021,43979292,,3
2021,43979386,,51
2021,43979387,,9
2021,43979388,,51
2021,43979369,,51
2021,43979370,,9
2021,43979371,,51
2021,43979343,,3
2021,43979650,,51
2021,44989788,,51
2021,44989789,,51
2021,46149844,,51
2021,43979372,,3
2021,44989677,,51
2021,43979321,,51
2021,43979304,,51
2021,43979397,,9
2021,43979364,,9
2021,43979398,,51
2021,43979375,,51
2021,43979303,,51
2021,43979350,,51
2021,44989820,,51
2021,43979367,,51
2021,43979315,,51
2021,43979316,,51
2021,43979379,,51
2021,43979293,,51
2021,43979365,,51
2021,43979339,,51
2021,43979340,,51
2021,43979353,,51
2021,43979373,,51
2021,43979330,,51
2021,43979659,,51
2021,43979298,,51
2021,43979333,,51
2021,43979349,,51
2021,44989809,,3
2021,44989681,,3
2021,43979393,,51
2021,43979287,,9
2021,44989756,,51
2021,43979409,,51
2021,43979366,,51
2021,43979361,,51
2021,43979311,,51
2021,43979341,,51
2021,43979354,,51
2021,43979342,,51
2021,46149847,,51
2021,43979381,,9
2021,43979382,,9
2021,43979355,,51
2021,43979323,,51
2021,44989737,,3
2021,44989738,,3
2021,43979357,,51
2021,43979358,,51
2021,43979359,,52
2021,44989740,,3
2021,44989667,,3
2021,43979319,,51
2021,43979389,,9
2021,44989698,,51
2021,44989699,,51
2021,43979383,,51
2021,44989715,,51
2021,44398554,,51
2021,43979394,,9
2021,43979326,,9
2021,43979327,,9
2021,43979306,,51
2021,46149940,,51
2021,43979313,,51
2021,43979297,,51
2021,43979302,,51
2021,45742529,,51
2021,43979301,,51
2021,43979390,,51
2021,43979391,,51
2021,43979334,,9
2021,45742732,,51
2021,43979336,,51
2021,43979329,,51
2021,44989801,,3
2021,44989802,,3
2021,44989803,,3
2021,43979376,,51
2021,43979377,,51
2021,43979320,,51
2021,44989676,,51
2021,43979348,,51
2021,43979317,,52
2021,44989739,,3
2021,43979300,,51
2021,43979299,,51
2021,43979307,,51
2021,44648750,,3
2021,43979363,,51
2021,43979344,,51
2021,43979385,,9
2021,43979392,,53
2021,43979335,,52
2021,43979324,,51
2021,44989668,,9
2021,43979325,,51
2021,43979356,,51
2021,43979427,,51
2021,44989816,,3
2021,43979476,,51
2021,43979475,,51
2021,44647733,,51
2021,44647734,,51
2021,46150016,,51
2021,44989791,,3
2021,43979422,,51
2021,43979465,,51
2021,43979452,,51
2021,43979466,,51
2021,44989785,,51
2021,43979426,,51
2021,43979440,,51
2021,44989705,,3
2021,43979445,,51
2021,43979428,,51
2021,46149897,,3
2021,43979404,,51
2021,43979449,,51
2021,44989692,,51
2021,43979482,,9
2021,43979482,,52
2021,43979461,,51
2021,44398597,,51
2021,44647754,,51
2021,43979447,,51
2021,43979479,,51
2021,43979418,,51
2021,43979450,,51
2021,43979442,,52
2021,43979429,,51
2021,44398609,,51
2021,44989755,,3
2021,43979486,,51
2021,43979425,,51
2021,43979424,,51
2021,43979488,,51
2021,44989805,,51
2021,43979415,,51
2021,43979472,,51
2021,43979480,,51
2021,43979467,,51
2021,43979438,,51
2021,43979423,,51
2021,44398873,,51
2021,44989697,,51
2021,44989818,,52
2021,44989695,,3
2021,46149843,,51
2021,43979491,,51
2021,43979405,,9
2021,44989659,,52
2021,43979420,,51
2021,43979414,,3
2021,43979468,,51
2021,44989682,,52
2021,43979441,,51
2021,46149868,,51
2021,43979446,,51
2021,43979436,,51
2021,43979477,,51
2021,43979412,,9
2021,43979401,,51
2021,43979406,,51
2021,43979432,,51
2021,44989765,,51
2021,44989769,,51
2021,44989770,,51
2021,44989771,,51
2021,43979454,,51
2021,43979455,,51
2021,44989812,,51
2021,44398559,,52
2021,43979460,,51
2021,43979443,,51
2021,43979489,,52
2021,44989814,,51
2021,43979407,,51
2021,43979434,,51
2021,43979471,,51
2021,46149889,,51
2021,43979439,,9
2021,46149858,,51
2021,43979485,,9
2021,43979463,,9
2021,44398575,,3
2021,43979431,,51
2021,44989804,,51
2021,43979457,,51
2021,43979458,,51
2021,43979435,,51
2021,43979483,,51
2021,43979474,,51
2021,43979453,,51
2021,43979408,,51
2021,44989799,,51
2021,43979470,,51
2021,43979402,,51
2021,43979400,,51
2021,43979481,,51
2021,43979462,,52
2021,43979399,,51
2021,45742560,,51
2021,44989711,,3
2021,43979448,,51
2021,43979430,,51
2021,43979500,,9
2021,43979433,,51
2021,43979478,,51
2021,43979464,,51
2021,43979456,,51
2021,43979416,,51
2021,43979544,,51
2021,46149903,,51
2021,43979490,,9
2021,43979535,,51
2021,43979559,,51
2021,43979560,,51
2021,43979831,,51
2021,43979513,,51
2021,43979567,,51
2021,43979569,,51
2021,43979531,,51
2021,44989658,,3
2021,43979515,,51
2021,43979536,,51
2021,43979552,,51
2021,46149900,,51
2021,43979566,,51
2021,43979532,,51
2021,43979568,,51
2021,43979564,,52
2021,43979505,,51
2021,43979545,,51
2021,43979522,,51
2021,43979527,,51
2021,43979585,,51
2021,43979493,,52
2021,43979506,,52
2021,43979543,,51
2021,44398630,,51
2021,43979550,,9
2021,43979498,,9
2021,43979835,,51
2021,43979526,,51
2021,44989688,,51
2021,43979514,,51
2021,44398583,,51
2021,43979508,,51
2021,43979509,,51
2021,44989683,,51
2021,43979554,,51
2021,43979555,,51
2021,43979529,,51
2021,43979562,,51
2021,43979546,,51
2021,43979518,,3
2021,43979558,,51
2021,43979561,,51
2021,43979501,,51
2021,43979523,,51
2021,43979525,,51
2021,43979551,,51
2021,43979537,,51
2021,43979579,,9
2021,43979557,,51
2021,43979495,,51
2021,43979517,,51
2021,43979528,,51
2021,43979575,,9
2021,44989679,,3
2021,44989670,,3
2021,43979538,,51
2021,43979516,,51
2021,43979540,,51
2021,43979572,,51
2021,43979542,,51
2021,43979833,,51
2021,44989694,,3
2021,44989792,,3
2021,44989806,,3
2021,43979494,,51
2021,43979524,,3
2021,44989768,,51
2021,43979570,,51
2021,43979832,,51
2021,43979548,,51
2021,43979520,,51
2021,44989714,,51
2021,43979510,,51
2021,43979563,,51
2021,43979507,,51
2021,44398589,,51
2021,43979519,,51
2021,44398602,,51
2021,44989797,,51
2021,44989707,,51
2021,44989776,,3
2021,44989777,,3
2021,44989689,,3
2021,44989778,,3
2021,44989779,,3
2021,44989780,,3
2021,43979547,,51
2021,44989724,,51
2021,43979521,,51
2021,44989897,,51
2021,44989730,,51
2021,44989731,,3
2021,44989796,,51
2021,44989720,,51
2021,44989723,,3
2021,43979837,,51
2021,43979539,,51
2021,46149891,,51
2021,44989798,,53
2021,44989828,,3
2021,43979615,,51
2021,44989774,,52
2021,44989663,,51
2021,43979625,,51
2021,44989650,,51
2021,43979593,,51
2021,43979662,,51
2021,43979640,,51
2021,43979631,,51
2021,44398568,,51
2021,43979582,,51
2021,46149881,,51
2021,43979583,,51
2021,43979660,,3
2021,44398573,,51
2021,44398574,,51
2021,43979607,,51
2021,44398798,,3
2021,43979612,,51
2021,43979639,,51
2021,43979589,,51
2021,44989657,,51
2021,43979619,,3
2021,43979609,,9
2021,43979645,,51
2021,43979839,,51
2021,43979653,,51
2021,43979654,,51
2021,44398661,,51
2021,43979577,,51
2021,44398631,,51
2021,44398604,,51
2021,44989752,,51
2021,43979642,,9
2021,45742556,,51
2021,43979588,,51
2021,43979841,,51
2021,44398613,,51
2021,46149842,,51
2021,44398565,,51
2021,44398587,,51
2021,43979628,,51
2021,44989665,,3
2021,44989835,,51
2021,43979581,,51
2021,43979644,,51
2021,43979656,,51
2021,43979587,,51
2021,44989648,,9
2021,43979618,,51
2021,44989772,,51
2021,43979613,,51
2021,43979610,,52
2021,43979649,,9
2021,43979622,,9
2021,43979651,,51
2021,43979636,,51
2021,44989744,,3
2021,43979606,,51
2021,43979632,,51
2021,43979621,,51
2021,43979646,,9
2021,43979658,,51
2021,44398581,,51
2021,43979637,,51
2021,46149964,,4
2021,46149965,,4
2021,43979603,,4
2021,43979604,,4
2021,45742564,,3
2021,43979623,,51
2021,43979630,,51
2021,44989742,,9
2021,43979596,,51
2021,44989868,,3
2021,43979665,,51
2021,43979661,,51
2021,43979602,,51
2021,43979635,,9
2021,44989708,,3
2021,44989709,,3
2021,43979584,,51
2021,44989817,,51
2021,43979601,,51
2021,43979586,,51
2021,43979629,,51
2021,44989718,,51
2021,43979648,,51
2021,43979600,,51
2021,44398816,,51
2021,43979599,,51
2021,44398627,,51
2021,43979840,,51
2021,44989662,,51
2021,43979617,,51
2021,43979643,,51
2021,44989652,,51
2021,43979626,,51
2021,43979627,,51
2021,44648334,,9
2021,43979574,,51
2021,44989764,,51
2021,43979611,,51
2021,43979578,,51
2021,44989856,,51
2021,43979706,,51
2021,46149904,,51
2021,43979711,,51
2021,44989880,,3
2021,43979718,,51
2021,43979707,,51
2021,43979693,,51
2021,44398622,,51
2021,43979683,,9
2021,43979736,,51
2021,43979673,,51
2021,43979678,,9
2021,43979672,,51
2021,44647758,,51
2021,43979695,,51
2021,43979746,,51
2021,43979716,,9
2021,43979679,,51
2021,43979696,,51
2021,43979692,,51
2021,43979750,,51
2021,44647787,,51
2021,43979734,,1
2021,46149867,,51
2021,43979747,,51
2021,44989889,,9
2021,43979719,,51
2021,46149951,,51
2021,44989902,,3
2021,43979720,,51
2021,43979722,,51
2021,43979725,,51
2021,43979690,,51
2021,43979674,,51
2021,43979687,,51
2021,43979754,,51
2021,44989844,,9
2021,44398548,,51
2021,43979717,,51
2021,43979733,,51
2021,44398620,,51
2021,43979700,,9
2021,46149886,,51
2021,44647739,,51
2021,43979712,,3
2021,43979715,,51
2021,43979727,,52
2021,43979688,,51
2021,46149875,,51
2021,44989893,,51
2021,43979735,,51
2021,43979767,,51
2021,43979671,,51
2021,43979677,,52
2021,44398546,,52
2021,44989841,,51
2021,44398562,,51
2021,44989831,,3
2021,44989832,,3
2021,44989833,,3
2021,44989916,,51
2021,43979770,,51
2021,43979731,,51
2021,43979737,,51
2021,43979738,,51
2021,43979724,,51
2021,43979741,,51
2021,44647776,,51
2021,44398628,,52
2021,44989823,,3
2021,44989824,,3
2021,44989926,,51
2021,43979726,,51
2021,43979740,,51
2021,43979732,,51
2021,43979686,,3
2021,43979676,,51
2021,44398567,,51
2021,43979763,,9
2021,43979729,,51
2021,43979702,,51
2021,43979703,,51
2021,44989849,,5
2021,46149848,,51
2021,44989866,,51
2021,43979744,,51
2021,43979748,,51
2021,43979684,,51
2021,43979709,,51
2021,44989821,,51
2021,43979685,,51
2021,43979758,,3
2021,43979689,,51
2021,46149901,,51
2021,43979713,,51
2021,44398541,,51
2021,43979669,,51
2021,43979730,,51
2021,43979675,,51
2021,43979705,,51
2021,44398647,,51
2021,44398719,,9
2021,43979697,,3
2021,44398555,,51
2021,43979699,,51
2021,44398639,,51
2021,43979698,,51
2021,44398689,,51
2021,44398662,,51
2021,43979823,,9
2021,43979829,,51
2021,44398659,,9
2021,44989883,,3
2021,43979794,,51
2021,43979755,,51
2021,44989815,,51
2021,43979803,,51
2021,43979759,,51
2021,43979846,,9
2021,44989860,,7
2021,43979827,,51
2021,44989899,,3
2021,44989900,,3
2021,43979779,,51
2021,44398658,,3
2021,44398672,,9
2021,44989842,,51
2021,43979821,,51
2021,43979786,,9
2021,43979787,,51
2021,43979812,,9
2021,43979780,,51
2021,43979764,,51
2021,43979848,,51
2021,44398733,,51
2021,43979773,,51
2021,44398645,,51
2021,45742482,,51
2021,43979844,,51
2021,44989829,,51
2021,43979802,,51
2021,43979849,,51
2021,43979828,,51
2021,43979822,,51
2021,44647829,,51
2021,45742669,,51
2021,43979774,,52
2021,45742777,,51
2021,43979751,,51
2021,43979762,,51
2021,44398970,,51
2021,44989836,,3
2021,43979771,,51
2021,43979819,,51
2021,44398712,,51
2021,43979776,,51
2021,46149856,,51
2021,43979798,,51
2021,44989843,,3
2021,43979824,,51
2021,43979825,,51
2021,43979805,,9
2021,44398705,,51
2021,43979768,,51
2021,44989870,,51
2021,43979845,,9
2021,43979808,,51
2021,43979790,,51
2021,43979756,,51
2021,44989898,,9
2021,43979791,,51
2021,44398641,,51
2021,43979772,,9
2021,44398673,,9
2021,44398674,,9
2021,43979815,,51
2021,44989872,,3
2021,45742355,,51
2021,44398690,,51
2021,43979783,,3
2021,43979782,,51
2021,44989826,,51
2021,43979801,,51
2021,43979796,,51
2021,44398656,,51
2021,44398657,,51
2021,43979795,,51
2021,46149865,,51
2021,44398654,,51
2021,44398660,,3
2021,43979775,,51
2021,43979799,,51
2021,43979820,,52
2021,44398694,,51
2021,44989862,,4
2021,44989863,,3
2021,44647767,,51
2021,43979752,,51
2021,44989877,,51
2021,44398668,,51
2021,44398669,,9
2021,44989911,,51
2021,44398678,,51
2021,43979816,,51
2021,43979797,,51
2021,44398681,,51
2021,44989904,,3
2021,44989905,,3
2021,43979818,,9
2021,44989912,,9
2021,43979789,,51
2021,46149841,,51
2021,44989895,,51
2021,44989825,,3
2021,44398707,,51
2021,43979847,,3
2021,44989839,,52
2021,44398696,,51
2021,44989869,,51
2021,44398665,,51
2021,44398692,,51
2021,44398671,,51
2021,44648711,,51
2021,44398649,,51
2021,46149898,,51
2021,43979817,,51
2021,44398676,,51
2021,44398670,,51
2021,44989838,,51
2021,44398640,,51
2021,44398648,,51
2021,44989873,,3
2021,44989874,,3
2021,44398655,,51
2021,44398700,,51
2021,44398683,,51
2021,44398677,,51
2021,44989879,,4
2021,44989855,,3
2021,44398688,,51
2021,44398679,,52
2021,44398632,,51
2021,44989853,,51
2021,44398633,,51
2021,44398642,,51
2021,44398693,,9
2021,44398635,,51
2021,44398666,,51
2021,46149878,,51
2021,46149879,,51
2021,44398699,,51
2021,44398675,,51
2021,44398667,,51
2021,44398663,,51
2021,45742768,,51
2021,44398680,,51
2021,44398664,,51
2021,45742488,,51
2021,44398684,,51
2021,44398644,,51
2021,44398686,,51
2021,44398646,,52
2021,44989882,,51
2021,44398624,,51
2021,44398758,,51
2021,44989861,,3
2021,44398710,,51
2021,44398732,,51
2021,44989834,,51
2021,44398737,,51
2021,44398743,,51
2021,44398753,,51
2021,44398768,,3
2021,44398741,,51
2021,44398716,,51
2021,44398724,,51
2021,44398751,,51
2021,44398718,,51
2021,44398703,,51
2021,44989887,,3
2021,44398740,,3
2021,44398742,,51
2021,44399148,,51
2021,44399151,,51
2021,44398713,,51
2021,44399131,,51
2021,44398734,,51
2021,44398723,,51
2021,44398760,,51
2021,44398767,,51
2021,44398739,,51
2021,44398747,,51
2021,44398715,,51
2021,44398738,,51
2021,44398779,,51
2021,44398725,,51
2021,44989884,,3
2021,44989903,,51
2021,44398801,,53
2021,44398727,,51
2021,44398757,,52
2021,45742518,,51
2021,44398749,,9
2021,44398720,,51
2021,44398746,,51
2021,44399061,,51
2021,44989878,,52
2021,46149851,,51
2021,44398722,,51
2021,44398764,,51
2021,44398744,,51
2021,46149855,,51
2021,44398616,,51
2021,44398765,,51
2021,45742187,,9
2021,44399143,,3
2021,44398772,,51
2021,45742719,,3
2021,44398726,,51
2021,44398736,,51
2021,44398752,,51
2021,44398762,,51
2021,44398770,,52
2021,44989848,,51
2021,44989840,,51
2021,44398759,,51
2021,44398701,,51
2021,44398766,,51
2021,44398745,,51
2021,44398750,,51
2021,44989894,,51
2021,44398763,,51
2021,45742484,,3
2021,46149935,,51
2021,44989901,,51
2021,44398769,,51
2021,44398708,,51
2021,44398755,,51
2021,44398735,,51
2021,44398704,,51
2021,44398717,,51
2021,44398857,,51
2021,44989876,,9
2021,44399100,,51
2021,44989924,,51
2021,44399069,,51
2021,44398706,,51
2021,44989885,,51
2021,44989859,,51
2021,44398794,,51
2021,44989908,,51
2021,44989909,,51
2021,44989850,,3
2021,44398824,,51
2021,44398825,,51
2021,44398771,,51
2021,44398833,,51
2021,44989864,,3
2021,44648285,,9
2021,44648901,,3
2021,44398803,,51
2021,44398834,,9
2021,44398862,,51
2021,44989845,,3
2021,44398860,,51
2021,44398791,,51
2021,44398784,,51
2021,44398785,,51
2021,44398786,,51
2021,44398787,,3
2021,45742852,,51
2021,44398797,,51
2021,44398773,,51
2021,44647755,,51
2021,44399108,,51
2021,44398810,,51
2021,45742832,,51
2021,46149871,,51
2021,44989851,,51
2021,44989846,,51
2021,44398777,,51
2021,44398865,,51
2021,44398813,,51
2021,44398793,,3
2021,44989858,,9
2021,44398818,,51
2021,44398819,,52
2021,44398814,,51
2021,44989914,,3
2021,44398817,,51
2021,44398802,,51
2021,44398866,,9
2021,44398795,,51
2021,44398789,,9
2021,44398850,,9
2021,44398774,,51
2021,44989906,,3
2021,46149876,,51
2021,44398811,,51
2021,46149890,,51
2021,44398775,,3
2021,44398841,,51
2021,44398835,,51
2021,44398792,,51
2021,44398859,,51
2021,44398856,,51
2021,44398827,,51
2021,44398788,,51
2021,44398836,,51
2021,44398780,,51
2021,44399114,,51
2021,44398861,,51
2021,44989910,,52
2021,46149852,,51
2021,44398831,,51
2021,44398842,,51
2021,46149931,,51
2021,44398846,,51
2021,44989865,,3
2021,44989865,,7
2021,44398847,,51
2021,44398812,,51
2021,44398821,,51
2021,44398838,,9
2021,44648538,,51
2021,44398809,,3
2021,46149954,,51
2021,44398822,,51
2021,44989830,,3
2021,44398863,,51
2021,44989867,,51
2021,44398815,,51
2021,44398800,,51
2021,44398820,,51
2021,44398790,,9
2021,44398839,,51
2021,44398840,,51
2021,44647720,,51
2021,44398799,,51
2021,44989857,,51
2021,44989886,,51
2021,44398904,,51
2021,44647713,,51
2021,44398864,,51
2021,44398921,,51
2021,44398996,,51
2021,44398891,,9
2021,44398899,,3
2021,44398892,,51
2021,44398908,,51
2021,44398872,,9
2021,44398885,,51
2021,44647724,,51
2021,44989881,,3
2021,44398894,,9
2021,44398972,,51
2021,44398881,,51
2021,44398867,,51
2021,44398890,,51
2021,44398896,,51
2021,44398878,,9
2021,45742806,,51
2021,44398922,,51
2021,44398901,,9
2021,44989890,,51
2021,44989891,,51
2021,44398985,,51
2021,44398900,,51
2021,44398918,,9
2021,44398903,,51
2021,44399015,,51
2021,44989939,,51
2021,44398916,,51
2021,44398947,,51
2021,44398914,,51
2021,44398923,,51
2021,44989852,,4
2021,44398895,,51
2021,44398909,,9
2021,44398920,,51
2021,44989970,,51
2021,44647799,,51
2021,44647789,,51
2021,44398936,,51
2021,44398886,,51
2021,44398853,,3
2021,44398870,,51
2021,44398910,,51
2021,44398946,,51
2021,44398912,,51
2021,44398876,,51
2021,44989984,,51
2021,44398854,,51
2021,44398902,,52
2021,44398905,,51
2021,44398897,,51
2021,44989922,,51
2021,44398937,,51
2021,44398882,,51
2021,44398883,,52
2021,46149924,,51
2021,44398851,,51
2021,44398852,,51
2021,44398982,,9
2021,44398906,,3
2021,44398907,,3
2021,44398871,,3
2021,44989965,,51
2021,44989921,,51
2021,44398898,,51
2021,44398915,,51
2021,44398925,,9
2021,44989954,,4
2021,44398879,,51
2021,45742937,,51
2021,45743174,,51
2021,45743083,,51
2021,44398855,,9
2021,45743231,,3
2021,44398984,,51
2021,44398884,,51
2021,44989971,,3
2021,45743240,,3
2021,44398875,,51
2021,46149920,,51
2021,44399017,,51
2021,44398992,,51
2021,44398948,,51
2021,44398981,,3
2021,44398943,,5
2021,44398942,,51
2021,44398911,,3
2021,44399010,,51
2021,44398966,,51
2021,44399008,,51
2021,44399046,,51
2021,44398957,,3
2021,46149845,,51
2021,44398932,,3
2021,44989955,,3
2021,44398964,,51
2021,44647779,,51
2021,44647756,,51
2021,44647764,,51
2021,44647753,,51
2021,44989976,,51
2021,44647765,,51
2021,44398967,,9
2021,44989928,,51
2021,44399027,,51
2021,44398950,,51
2021,44398980,,51
2021,44398997,,51
2021,44989948,,3
2021,44398944,,51
2021,44399013,,51
2021,44399007,,51
2021,44399256,,9
2021,44399025,,3
2021,44399026,,3
2021,44398924,,51
2021,44990202,,51
2021,44398962,,52
2021,44399018,,51
2021,44399042,,51
2021,44399016,,51
2021,44398990,,51
2021,44399001,,51
2021,46149953,,51
2021,44398929,,51
2021,44398977,,51
2021,44989969,,3
2021,44989956,,51
2021,44398973,,9
2021,44989915,,51
2021,44647737,,51
2021,44398930,,51
2021,44399006,,9
2021,44398939,,51
2021,45743115,,51
2021,44398988,,3
2021,44398995,,51
2021,44399005,,51
2021,44398961,,51
2021,44398969,,51
2021,44398989,,51
2021,44398987,,51
2021,44989983,,3
2021,44398505,,51
2021,44989952,,51
2021,44398976,,52
2021,44398986,,51
2021,44398965,,3
2021,44398999,,51
2021,44398938,,51
2021,44398926,,51
2021,44398927,,51
2021,44399023,,51
2021,44989972,,51
2021,44398933,,51
2021,44399022,,52
2021,44989994,,3
2021,44398941,,51
2021,44398935,,52
2021,44399004,,51
2021,44399028,,51
2021,44989933,,51
2021,44398991,,51
2021,44398993,,51
2021,44398971,,51
2021,44399063,,51
2021,44399039,,51
2021,44398934,,51
2021,44398940,,51
2021,44398994,,51
2021,44399255,,51
2021,44398949,,51
2021,44399009,,51
2021,44398952,,51
2021,46149854,,51
2021,44398956,,51
2021,46149862,,9
2021,44399050,,51
2021,44399024,,51
2021,44399021,,51
2021,44398953,,51
2021,44398960,,52
2021,44398968,,51
2021,44399030,,51
2021,44398979,,51
2021,44398963,,51
2021,44399029,,51
2021,44989929,,51
2021,44399075,,51
2021,44399093,,9
2021,44399094,,9
2021,44399082,,9
2021,44399034,,9
2021,44989944,,51
2021,44399095,,51
2021,44399113,,51
2021,44399057,,51
2021,44399140,,51
2021,44989932,,3
2021,44399103,,51
2021,44399078,,3
2021,44647719,,51
2021,44399118,,52
2021,44989960,,51
2021,44989961,,51
2021,44989962,,51
2021,44398893,,51
2021,44399126,,51
2021,44399012,,51
2021,44990003,,51
2021,46149882,,3
2021,46149883,,3
2021,46149884,,3
2021,44399084,,51
2021,44399052,,51
2021,44399036,,9
2021,44399106,,52
2021,44989988,,3
2021,44399045,,51
2021,44399089,,51
2021,44399111,,51
2021,44399086,,51
2021,44399076,,51
2021,44399031,,51
2021,44647757,,51
2021,44989999,,51
2021,44399085,,51
2021,44990064,,9
2021,44399092,,51
2021,44399067,,3
2021,44399102,,51
2021,44989925,,3
2021,44399062,,51
2021,44399109,,51
2021,44989957,,3
2021,44989958,,3
2021,44989959,,3
2021,44989991,,9
2021,44989992,,3
2021,44399090,,51
2021,44399070,,51
2021,44399044,,51
2021,44399083,,51
2021,44399048,,51
2021,44399096,,52
2021,44399054,,51
2021,44399040,,52
2021,44399020,,51
2021,44399055,,51
2021,44399066,,51
2021,44399056,,9
2021,44989937,,51
2021,44989995,,51
2021,44399035,,9
2021,44399053,,51
2021,44989935,,51
2021,44399059,,51
2021,44399033,,51
2021,44399116,,3
2021,44399117,,3
2021,44399014,,51
2021,44399019,,51
2021,44399178,,9
2021,44399179,,9
2021,44399122,,51
2021,44399123,,51
2021,44399163,,51
2021,44399107,,51
2021,44399060,,51
2021,44989990,,3
2021,44399051,,51
2021,44399137,,51
2021,44399049,,51
2021,44989942,,52
2021,46149992,,3
2021,44399129,,51
2021,44399098,,51
2021,44399104,,51
2021,44399038,,51
2021,44399079,,51
2021,44399166,,3
2021,44399105,,51
2021,44989951,,3
2021,44399112,,51
2021,44399099,,3
2021,44399037,,3
2021,44399134,,51
2021,44399087,,51
2021,44399088,,51
2021,44399101,,51
2021,44399125,,51
2021,44399147,,51
2021,44399047,,51
2021,44399068,,51
2021,44399074,,51
2021,44399220,,51
2021,44399032,,51
2021,44399139,,9
2021,44399154,,51
2021,44989996,,51
2021,44399169,,51
2021,44399164,,51
2021,44399196,,51
2021,44399247,,51
2021,44399244,,9
2021,44399177,,51
2021,44399203,,51
2021,44399231,,51
2021,44399205,,51
2021,44399135,,51
2021,44399159,,9
2021,44399188,,51
2021,44399202,,51
2021,44399152,,51
2021,44647766,,53
2021,44399120,,51
2021,44399206,,3
2021,44989953,,51
2021,44399189,,51
2021,44989945,,3
2021,44989946,,3
2021,44647780,,3
2021,44989918,,3
2021,44399246,,51
2021,44399132,,51
2021,44647715,,51
2021,44399138,,51
2021,44989930,,51
2021,44399227,,51
2021,44399167,,51
2021,44989977,,51
2021,44399216,,51
2021,44399161,,51
2021,44399199,,51
2021,44399213,,51
2021,44399190,,51
2021,44399184,,51
2021,44399157,,51
2021,44399110,,51
2021,44399230,,51
2021,44399174,,51
2021,44399170,,51
2021,44399193,,51
2021,44990004,,9
2021,44399208,,52
2021,44399209,,51
2021,44399144,,51
2021,44399145,,53
2021,44399172,,51
2021,44399171,,51
2021,45743070,,51
2021,44399150,,51
2021,44399200,,51
2021,44399186,,51
2021,44399185,,51
2021,44399158,,51
2021,44399121,,51
2021,44989981,,51
2021,44399180,,51
2021,44399215,,52
2021,44989993,,52
2021,44649149,,51
2021,44399175,,51
2021,44399160,,51
2021,44399153,,51
2021,44399239,,51
2021,44399211,,52
2021,44399214,,51
2021,44399187,,51
2021,44399204,,51
2021,44399128,,51
2021,44989989,,51
2021,46149969,,3
2021,44399124,,51
2021,44399192,,51
2021,44989947,,51
2021,44399241,,51
2021,44647729,,51
2021,44399207,,51
2021,44399176,,3
2021,44399133,,51
2021,44399173,,52
2021,46149872,,51
2021,44399225,,51
2021,44399181,,51
2021,44989943,,51
2021,44989985,,51
2021,44399127,,51
2021,44399136,,51
2021,44399141,,9
2021,44399198,,51
2021,44399165,,51
2021,44399243,,3
2021,44399130,,9
2021,44399237,,51
2021,44399197,,51
2021,44989923,,51
2021,44989913,,51
2021,44399149,,51
2021,44399235,,51
2021,44399233,,51
2021,44399234,,51
2021,44399252,,52
2021,44647803,,51
2021,44399253,,51
2021,44399248,,51
2021,44399249,,51
2021,44399201,,51
2021,44399221,,7
2021,44647783,,51
2021,45743004,,51
2021,44399222,,51
2021,44399232,,51
2021,44989927,,9
2021,44399254,,51
2021,44989917,,3
2021,44399229,,51
2021,44399218,,51
2021,44399219,,51
2021,44989837,,51
2021,44647752,,51
2021,44399245,,51
2021,44647809,,51
2021,44647816,,3
2021,44647905,,51
2021,44399210,,51
2021,44399224,,51
2021,45742779,,3
2021,44399242,,51
2021,44399212,,51
2021,44399226,,51
2021,44647858,,51
2021,45743036,,51
2021,44647834,,51
2021,44989938,,51
2021,44647840,,51
2021,44647856,,9
2021,44647869,,51
2021,44647846,,51
2021,44647866,,51
2021,44647817,,51
2021,44647872,,51
2021,44647878,,51
2021,44990074,,51
2021,44989934,,51
2021,44647793,,51
2021,44989919,,3
2021,44989920,,3
2021,45743084,,51
2021,44989941,,3
2021,44647865,,51
2021,44989973,,51
2021,44647806,,51
2021,44647798,,51
2021,44647800,,51
2021,44647801,,51
2021,44647850,,51
2021,44647796,,51
2021,44647851,,51
2021,44989974,,9
2021,44647897,,51
2021,44989986,,51
2021,44647792,,51
2021,44647860,,9
2021,44647852,,51
2021,44648032,,51
2021,44989907,,51
2021,44648000,,51
2021,45744143,,51
2021,45742841,,9
2021,44989949,,51
2021,44647873,,51
2021,44647845,,51
2021,44647802,,51
2021,44648019,,51
2021,44647839,,51
2021,44647830,,51
2021,44989963,,51
2021,44647837,,9
2021,44647795,,51
2021,44647805,,51
2021,44990240,,51
2021,44990241,,51
2021,44647855,,51
2021,44990054,,51
2021,44647861,,51
2021,44990076,,3
2021,46149840,,51
2021,44647794,,51
2021,44647832,,51
2021,44647857,,51
2021,44647790,,51
2021,44647870,,51
2021,44647859,,3
2021,44647824,,51
2021,44990045,,9
2021,44990045,,52
2021,44647841,,3
2021,44647842,,3
2021,44647835,,51
2021,44647843,,51
2021,44647863,,3
2021,44647960,,51
2021,44647901,,51
2021,44648073,,51
2021,44648061,,51
2021,44647986,,51
2021,44647966,,51
2021,44648324,,51
2021,44648047,,51
2021,44647885,,51
2021,44647976,,51
2021,44648042,,51
2021,44647919,,51
2021,46150024,,51
2021,44647927,,51
2021,44647928,,51
2021,44647929,,51
2021,44648302,,51
2021,44647894,,3
2021,44647973,,51
2021,44990008,,51
2021,44990040,,3
2021,44990041,,3
2021,44647896,,51
2021,44647974,,3
2021,44647904,,3
2021,44647961,,9
2021,44990013,,51
2021,44648043,,3
2021,44647992,,51
2021,44648070,,51
2021,44648057,,51
2021,44648020,,9
2021,44648021,,51
2021,44648022,,51
2021,44648041,,51
2021,44647996,,51
2021,44647936,,51
2021,44990044,,3
2021,44647909,,51
2021,44647958,,51
2021,44990055,,3
2021,44647925,,51
2021,44647991,,51
2021,44647951,,51
2021,44647952,,51
2021,44648044,,51
2021,44647913,,51
2021,44647892,,51
2021,44647940,,51
2021,44647956,,51
2021,44647946,,51
2021,44647923,,51
2021,46150355,,9
2021,44990059,,51
2021,44647877,,51
2021,45742869,,3
2021,44647937,,51
2021,44648082,,51
2021,46149945,,51
2021,44647917,,51
2021,46150332,,9
2021,44648023,,51
2021,44648064,,3
2021,44990032,,3
2021,44648116,,51
2021,44990039,,51
2021,44647930,,51
2021,46149997,,51
2021,46149998,,51
2021,46149999,,51
2021,44647994,,52
2021,44647883,,51
2021,44990037,,51
2021,44648050,,52
2021,44990317,,51
2021,44647999,,51
2021,44648017,,51
2021,44648018,,51
2021,44647993,,51
2021,44648046,,51
2021,46149975,,51
2021,44647912,,51
2021,44647980,,51
2021,44990021,,51
2021,44647899,,51
2021,44647987,,51
2021,44648059,,51
2021,44990011,,51
2021,44990012,,51
2021,44648031,,51
2021,44647985,,51
2021,44990036,,3
2021,44647969,,51
2021,44647948,,51
2021,44648024,,51
2021,44990029,,52
2021,44647914,,51
2021,44648063,,51
2021,44648079,,51
2021,44648087,,52
2021,44648375,,51
2021,44648289,,51
2021,44648242,,51
2021,44648264,,51
2021,44990025,,51
2021,44990026,,51
2021,44990027,,51
2021,44990028,,51
2021,44990065,,3
2021,44648212,,51
2021,44648299,,51
2021,44990001,,51
2021,44990052,,51
2021,44648222,,51
2021,45742896,,51
2021,44648409,,51
2021,44648272,,51
2021,44648184,,51
2021,44648279,,51
2021,44648195,,51
2021,44648309,,51
2021,44648310,,51
2021,44648121,,51
2021,44648346,,51
2021,44648271,,51
2021,44648296,,51
2021,44648118,,51
2021,44648287,,51
2021,44648088,,51
2021,46149968,,51
2021,44648374,,51
2021,44648186,,51
2021,44648283,,51
2021,44648097,,51
2021,44648115,,51
2021,44648312,,51
2021,44648355,,51
2021,44648165,,51
2021,44648145,,51
2021,44648141,,3
2021,44648142,,3
2021,44648143,,51
2021,44648382,,51
2021,46149942,,3
2021,45742902,,51
2021,44648185,,51
2021,44648265,,51
2021,44648129,,51
2021,44648393,,51
2021,44648246,,51
2021,44648135,,51
2021,46149982,,51
2021,44648136,,51
2021,44648404,,51
2021,44990077,,3
2021,44990077,,5
2021,44990019,,51
2021,44990372,,51
2021,44990373,,51
2021,44648387,,51
2021,44648144,,51
2021,44648252,,3
2021,44648098,,51
2021,44990078,,51
2021,44990331,,51
2021,44648251,,51
2021,44990010,,51
2021,44648337,,9
2021,44648321,,51
2021,44990050,,4
2021,44990051,,3
2021,44647716,,3
2021,44648245,,51
2021,44648270,,51
2021,46149866,,51
2021,44648288,,51
2021,46149977,,51
2021,44990070,,51
2021,44648352,,51
2021,44648353,,51
2021,44648187,,51
2021,44648188,,51
2021,44648258,,51
2021,44648275,,3
2021,44648412,,51
2021,44648341,,51
2021,44990779,,51
2021,46149838,,51
2021,44648333,,51
2021,44990000,,51
2021,44648300,,51
2021,44648102,,51
2021,44648273,,51
2021,44648190,,51
2021,44648105,,51
2021,44648318,,51
2021,44648173,,51
2021,44648277,,51
2021,44648421,,51
2021,44648304,,51
2021,44990057,,3
2021,44648156,,51
2021,44648094,,51
2021,44648390,,51
2021,46149929,,51
2021,44648096,,51
2021,44648282,,51
2021,44648329,,51
2021,44990015,,51
2021,44648276,,51
2021,44990063,,51
2021,44648313,,51
2021,44648085,,52
2021,44648086,,51
2021,44990014,,3
2021,44648107,,51
2021,44648167,,52
2021,44648230,,51
2021,44990047,,51
2021,44648240,,3
2021,44648083,,51
2021,44648139,,51
2021,44648150,,51
2021,44648153,,51
2021,44648284,,51
2021,44648109,,51
2021,44648211,,51
2021,44648303,,51
2021,44990035,,51
2021,44990071,,51
2021,44990049,,51
2021,44648237,,51
2021,44648243,,51
2021,44648515,,51
2021,44648494,,51
2021,44648422,,51
2021,44648423,,51
2021,46149976,,51
2021,44990038,,3
2021,44648439,,51
2021,44648603,,51
2021,44648456,,51
2021,44648627,,52
2021,44648470,,51
2021,44648417,,51
2021,44648496,,51
2021,44648499,,52
2021,44648674,,51
2021,44648552,,51
2021,44648571,,51
2021,44648389,,51
2021,45742855,,51
2021,44648551,,51
2021,44648565,,51
2021,44648466,,9
2021,44990060,,51
2021,44648426,,51
2021,44648428,,51
2021,44648634,,51
2021,44648497,,51
2021,44648438,,51
2021,44648444,,51
2021,44648669,,51
2021,44648530,,51
2021,44648637,,51
2021,45742829,,51
2021,44648671,,51
2021,44648567,,51
2021,44648445,,51
2021,46150044,,51
2021,44648418,,51
2021,44648386,,51
2021,46149984,,5
2021,44648489,,51
2021,44648484,,9
2021,44648442,,51
2021,44648440,,51
2021,44648576,,51
2021,44648547,,51
2021,44648514,,51
2021,44648481,,51
2021,44648413,,51
2021,44648581,,51
2021,44990053,,52
2021,44648486,,51
2021,44990068,,51
2021,44648450,,51
2021,44648553,,51
2021,44648568,,51
2021,45743220,,51
2021,44990033,,51
2021,44648410,,51
2021,44648510,,3
2021,44648436,,9
2021,44648548,,51
2021,44990067,,51
2021,44648462,,51
2021,44648463,,3
2021,44648464,,51
2021,44648429,,51
2021,44648472,,51
2021,44648556,,51
2021,44648461,,51
2021,44648477,,9
2021,44648498,,51
2021,44648600,,51
2021,45742268,,51
2021,44990009,,51
2021,44648483,,51
2021,44648591,,51
2021,44648505,,51
2021,44648555,,51
2021,44648650,,51
2021,44990017,,4
2021,44648447,,51
2021,44648479,,3
2021,44648480,,51
2021,44648471,,53
2021,44648594,,9
2021,44648430,,51
2021,44648501,,51
2021,44648690,,52
2021,44648415,,51
2021,44648455,,51
2021,44648528,,1
2021,44648605,,51
2021,44648645,,51
2021,44648401,,9
2021,44648394,,52
2021,44648754,,51
2021,44648804,,51
2021,44648805,,51
2021,44648815,,3
2021,44648768,,51
2021,44648859,,52
2021,44648962,,51
2021,44990005,,3
2021,44990006,,3
2021,44649016,,51
2021,44648798,,51
2021,44648903,,3
2021,44648689,,51
2021,44648740,,3
2021,44648732,,3
2021,44648810,,51
2021,45743038,,51
2021,44990031,,51
2021,44648892,,51
2021,44648722,,51
2021,44648957,,51
2021,44648825,,51
2021,46149939,,3
2021,44648904,,9
2021,44990023,,9
2021,44648773,,51
2021,44648918,,51
2021,44648814,,51
2021,46149970,,51
2021,44648757,,51
2021,44648926,,3
2021,44990069,,3
2021,45743392,,51
2021,45742873,,3
2021,44648822,,51
2021,44990087,,3
2021,44648878,,9
2021,46149902,,51
2021,44990048,,3
2021,44648829,,51
2021,44648920,,51
2021,44990018,,51
2021,44648841,,51
2021,44648845,,51
2021,44648850,,51
2021,44648864,,9
2021,44648777,,51
2021,44648951,,51
2021,44648775,,51
2021,44990178,,3
2021,44648969,,51
2021,44648700,,51
2021,44648979,,51
2021,44990136,,3
2021,44648761,,51
2021,44990150,,3
2021,44990114,,52
2021,44990115,,3
2021,44648935,,51
2021,44648685,,51
2021,44648734,,51
2021,44990151,,3
2021,44990152,,52
2021,44648907,,51
2021,44990157,,3
2021,44990158,,52
2021,44648741,,51
2021,44648913,,51
2021,44648938,,51
2021,44648717,,51
2021,44648718,,51
2021,44648978,,51
2021,44648882,,51
2021,44648975,,51
2021,44648965,,51
2021,44648900,,51
2021,44648868,,51
2021,44648886,,51
2021,44648752,,51
2021,44648766,,51
2021,44648813,,51
2021,44648756,,3
2021,44648852,,51
2021,44648797,,51
2021,44990119,,3
2021,44648770,,51
2021,44648771,,51
2021,44990095,,51
2021,44990143,,51
2021,44648884,,3
2021,44989936,,51
2021,44648856,,51
2021,44648895,,51
2021,44648789,,51
2021,44648937,,51
2021,44648862,,51
2021,44648819,,51
2021,44648686,,51
2021,45743459,,51
2021,44648725,,9
2021,44648863,,51
2021,44648968,,51
2021,44648923,,51
2021,44648879,,51
2021,44990365,,51
2021,44648817,,51
2021,44648871,,51
2021,44648942,,51
2021,44648806,,53
2021,44990084,,3
2021,44648834,,51
2021,44648835,,51
2021,44648971,,3
2021,44648724,,52
2021,44990107,,51
2021,44648989,,52
2021,44648919,,52
2021,44648721,,51
2021,45743090,,3
2021,44648673,,51
2021,44648716,,51
2021,44990088,,51
2021,44648784,,51
2021,44989987,,51
2021,44648846,,51
2021,44990144,,51
2021,44648936,,51
2021,44990177,,51
2021,44990156,,51
2021,44990133,,51
2021,44649082,,51
2021,44990098,,3
2021,44649056,,51
2021,44649165,,51
2021,44649215,,51
2021,44649216,,51
2021,44649211,,51
2021,44649255,,51
2021,44990121,,3
2021,44649075,,9
2021,44649076,,51
2021,44649148,,51
2021,44649070,,51
2021,44990113,,51
2021,44990142,,3
2021,44649010,,51
2021,44989931,,51
2021,44649208,,51
2021,44990141,,51
2021,44990109,,51
2021,44990123,,3
2021,44990124,,9
2021,44990125,,1
2021,44649111,,52
2021,44990062,,51
2021,44649287,,51
2021,44990167,,51
2021,44649140,,51
2021,44649072,,51
2021,44649017,,3
2021,44990117,,3
2021,44990106,,3
2021,44649012,,51
2021,44649000,,51
2021,44649013,,51
2021,44990165,,51
2021,44990166,,51
2021,44649170,,9
2021,44648991,,3
2021,44649044,,51
2021,44649045,,51
2021,44649220,,51
2021,44990189,,51
2021,44649329,,51
2021,44649058,,51
2021,44990080,,3
2021,45743351,,51
2021,44990153,,3
2021,44649157,,51
2021,45743414,,51
2021,44990191,,51
2021,44649275,,51
2021,44649276,,51
2021,44649008,,51
2021,44649130,,51
2021,44649050,,51
2021,44990085,,3
2021,44649314,,52
2021,44649095,,9
2021,44649039,,51
2021,44649193,,51
2021,44649025,,51
2021,44649015,,51
2021,44648988,,51
2021,44648967,,51
2021,44649064,,51
2021,44649289,,51
2021,44648984,,51
2021,44649267,,52
2021,44649004,,9
2021,44649150,,51
2021,44649080,,51
2021,44649278,,52
2021,44990370,,51
2021,44649168,,51
2021,44649154,,3
2021,44649037,,52
2021,44648995,,51
2021,44649210,,51
2021,44649074,,9
2021,44649005,,9
2021,44649069,,51
2021,44649014,,9
2021,44990409,,9
2021,44649077,,51
2021,44649182,,51
2021,44649268,,51
2021,44649194,,51
2021,44649257,,51
2021,44649229,,3
2021,44649230,,3
2021,44649231,,3
2021,44649232,,3
2021,44649233,,3
2021,46149980,,51
2021,44990188,,51
2021,45743247,,51
2021,45743265,,51
2021,44649178,,51
2021,44990100,,51
2021,44990149,,51
2021,44649261,,51
2021,44649235,,51
2021,44649054,,51
2021,44649214,,51
2021,44649200,,52
2021,44649124,,51
2021,44649142,,51
2021,44649256,,3
2021,44649167,,51
2021,44649190,,51
2021,44990082,,51
2021,44990122,,51
2021,44649042,,51
2021,44648974,,51
2021,44649113,,51
2021,44990110,,51
2021,44649041,,51
2021,44649253,,51
2021,44649249,,9
2021,44649250,,9
2021,44649290,,51
2021,44649291,,51
2021,44649292,,51
2021,44649238,,51
2021,44649264,,51
2021,44649031,,51
2021,44649279,,51
2021,44649252,,3
2021,44649155,,51
2021,44649171,,9
2021,44649184,,51
2021,44990096,,51
2021,44990118,,9
2021,44649048,,51
2021,44649161,,51
2021,44649294,,52
2021,44990129,,51
2021,44990130,,3
2021,44990131,,51
2021,44649185,,51
2021,44990120,,51
2021,44649393,,51
2021,44990195,,3
2021,44990195,,9
2021,44649440,,51
2021,44649422,,3
2021,44649298,,51
2021,44649299,,51
2021,44649300,,51
2021,44649344,,51
2021,44990086,,51
2021,44990083,,51
2021,46149943,,51
2021,44990116,,52
2021,44649365,,51
2021,44649349,,51
2021,44649351,,51
2021,44649339,,51
2021,44990146,,51
2021,44649366,,51
2021,44649367,,51
2021,44649357,,51
2021,44649380,,51
2021,44990155,,51
2021,44990079,,51
2021,44649361,,51
2021,44990092,,51
2021,44990094,,51
2021,44649399,,9
2021,45743470,,51
2021,44649342,,51
2021,44990154,,3
2021,44649388,,51
2021,44649363,,51
2021,44649364,,51
2021,44990091,,51
2021,44990147,,51
2021,44990384,,3
2021,44649324,,51
2021,44990174,,51
2021,44990101,,51
2021,44990093,,51
2021,44990169,,51
2021,44990089,,51
2021,44990090,,51
2021,44990134,,51
2021,44990138,,51
2021,44990139,,51
2021,44990140,,51
2021,44990105,,51
2021,44990137,,51
2021,44990081,,51
2021,44990108,,3
2021,44990375,,51
2021,44990128,,3
2021,44990179,,51
2021,44990135,,51
2021,44990127,,52
2021,44990145,,51
2021,44990148,,51
2021,44990168,,51
2021,44990099,,51
2021,44990111,,53
2021,45743557,,51
2021,44990253,,51
2021,44990442,,51
2021,46149979,,51
2021,44990297,,9
2021,44990170,,5
2021,44990232,,51
2021,44990456,,51
2021,44990273,,51
2021,44990256,,51
2021,44990217,,51
2021,44990274,,51
2021,44990228,,51
2021,44990223,,51
2021,44990216,,51
2021,44990251,,51
2021,44990229,,51
2021,46149974,,51
2021,44990171,,51
2021,44990176,,52
2021,46149956,,51
2021,44990234,,9
2021,44990193,,51
2021,44990245,,3
2021,44990201,,51
2021,44990262,,51
2021,44990180,,51
2021,44990164,,51
2021,44990218,,51
2021,44990285,,3
2021,44990200,,3
2021,44990212,,3
2021,44990243,,51
2021,44990258,,3
2021,44990185,,51
2021,44990222,,51
2021,44990239,,51
2021,44990184,,3
2021,44990181,,51
2021,44990250,,51
2021,44990209,,51
2021,44990237,,51
2021,44990226,,51
2021,44990198,,51
2021,44990281,,51
2021,44990257,,51
2021,44990043,,52
2021,46149925,,3
2021,44990221,,51
2021,44990246,,51
2021,45743401,,51
2021,44990242,,51
2021,44990190,,52
2021,44990225,,51
2021,44990196,,51
2021,44990197,,51
2021,44990275,,51
2021,44990276,,51
2021,44990277,,51
2021,44990224,,3
2021,44990255,,51
2021,44990235,,51
2021,44990206,,51
2021,44990230,,51
2021,44990203,,3
2021,45743327,,51
2021,44990159,,51
2021,44990469,,51
2021,44990192,,51
2021,44990210,,3
2021,44990211,,3
2021,44990238,,51
2021,44990231,,51
2021,44990236,,51
2021,44990261,,51
2021,44990160,,51
2021,44990182,,52
2021,44990252,,51
2021,44990175,,51
2021,44990187,,9
2021,44990208,,51
2021,44990233,,51
2021,44990199,,51
2021,44990473,,51
2021,44990205,,51
2021,44990264,,9
2021,44990265,,9
2021,44990266,,9
2021,44990267,,9
2021,44990268,,9
2021,44990269,,9
2021,44990270,,9
2021,44990271,,9
2021,44990272,,9
2021,44990172,,9
2021,44990173,,9
2021,44990319,,51
2021,44990213,,51
2021,44990215,,51
2021,44990260,,51
2021,44990244,,3
2021,44990207,,51
2021,45743340,,51
2021,45743341,,3
2021,45743342,,3
2021,44990194,,51
2021,44990278,,51
2021,44990183,,3
2021,44990186,,51
2021,44990214,,51
2021,44990254,,51
2021,44990357,,51
2021,44990338,,51
2021,44990259,,51
2021,44990346,,51
2021,44990325,,51
2021,45742240,,51
2021,44990347,,51
2021,44990341,,3
2021,45743385,,51
2021,44990303,,3
2021,44990316,,51
2021,44990343,,51
2021,44990289,,51
2021,44990279,,51
2021,44990315,,3
2021,44990249,,51
2021,45743464,,51
2021,44990329,,51
2021,44990290,,51
2021,44990295,,51
2021,44990293,,51
2021,44990308,,3
2021,44990292,,51
2021,44990330,,51
2021,44990287,,51
2021,44990326,,3
2021,44990327,,3
2021,44990306,,3
2021,44990307,,3
2021,44990324,,51
2021,45743371,,3
2021,45743372,,3
2021,44990483,,51
2021,44990332,,51
2021,44990333,,51
2021,44990328,,51
2021,44990263,,51
2021,44990535,,3
2021,44990536,,3
2021,44990302,,3
2021,44990288,,51
2021,44990323,,9
2021,44990296,,51
2021,44990345,,51
2021,44990361,,51
2021,44989950,,3
2021,44990309,,51
2021,44990310,,51
2021,44990311,,51
2021,44990312,,51
2021,44990305,,9
2021,44990282,,51
2021,44990294,,9
2021,44990334,,51
2021,44990524,,52
2021,44990386,,51
2021,44990301,,51
2021,44990291,,51
2021,44990335,,51
2021,44990344,,3
2021,44990339,,3
2021,44990340,,3
2021,44990304,,51
2021,44990351,,9
2021,44990283,,3
2021,44990284,,3
2021,44990336,,9
2021,44990300,,51
2021,45743477,,51
2021,44990280,,51
2021,45743408,,51
2021,44990354,,51
2021,44990313,,51
2021,44990320,,51
2021,44990349,,3
2021,44990348,,51
2021,44990321,,51
2021,44990286,,51
2021,44990299,,51
2021,44990298,,51
2021,44990322,,51
2021,44990318,,9
2021,44990337,,51
2021,44990431,,51
2021,44990399,,51
2021,44990400,,51
2021,44990364,,51
2021,44990407,,52
2021,44990426,,51
2021,44990425,,51
2021,44990379,,51
2021,46149910,,51
2021,44990428,,3
2021,44990434,,51
2021,44990443,,51
2021,44990132,,51
2021,44990376,,51
2021,44990411,,3
2021,44990366,,51
2021,44990367,,51
2021,44990417,,51
2021,44990459,,51
2021,44990460,,51
2021,44990423,,51
2021,44990424,,51
2021,44990391,,51
2021,44990455,,51
2021,44990421,,51
2021,44990363,,51
2021,44990429,,3
2021,44990444,,9
2021,44990360,,51
2021,45743279,,51
2021,45743262,,51
2021,46149978,,51
2021,44990410,,51
2021,44990358,,51
2021,44990396,,51
2021,44990432,,3
2021,44990392,,51
2021,44990435,,51
2021,44990457,,51
2021,44990402,,51
2021,44990356,,51
2021,44990412,,51
2021,44990413,,51
2021,44990380,,3
2021,44990381,,3
2021,44990382,,3
2021,44990383,,3
2021,44990422,,3
2021,44990439,,51
2021,44990359,,51
2021,44990401,,51
2021,44990419,,3
2021,44990420,,3
2021,44990350,,51
2021,44990388,,3
2021,44990389,,3
2021,44990390,,3
2021,44990445,,51
2021,44990404,,3
2021,45743250,,51
2021,44990403,,51
2021,44990353,,51
2021,44990385,,51
2021,44990362,,51
2021,44990397,,51
2021,44990430,,51
2021,44990406,,51
2021,44990368,,51
2021,45743364,,51
2021,44990440,,51
2021,44990394,,51
2021,44990433,,52
2021,44990415,,51
2021,44990427,,51
2021,44990408,,51
2021,44990416,,51
2021,44990371,,51
2021,44990378,,9
2021,44990393,,51
2021,44990377,,51
2021,44990436,,51
2021,44990414,,51
2021,45743430,,9
2021,45743310,,51
2021,44990395,,51
2021,44990352,,51
2021,44990398,,51
2021,44990437,,51
2021,44990369,,9
2021,44990451,,51
2021,44990452,,51
2021,44990453,,51
2021,44990505,,51
2021,46149957,,51
2021,44990499,,51
2021,44990500,,51
2021,44990512,,51
2021,44990461,,3
2021,44990495,,3
2021,44990489,,51
2021,44990467,,3
2021,44990519,,51
2021,44990488,,9
2021,44990477,,9
2021,45743258,,51
2021,44989982,,3
2021,44990509,,3
2021,44990476,,51
2021,44990464,,51
2021,44990514,,51
2021,44990506,,51
2021,44990471,,3
2021,44990502,,51
2021,44990405,,51
2021,44990487,,51
2021,44990478,,51
2021,44990494,,9
2021,44990454,,51
2021,44990503,,51
2021,44990446,,51
2021,44990522,,51
2021,45743253,,51
2021,45743254,,51
2021,44990482,,3
2021,44990479,,51
2021,44990472,,51
2021,44990504,,9
2021,45743295,,9
2021,46149916,,3
2021,46149944,,3
2021,46149959,,3
2021,44990526,,51
2021,46149972,,3
2021,44990497,,51
2021,44990498,,51
2021,46150028,,3
2021,46149923,,51
2021,44990474,,51
2021,44990517,,51
2021,44990491,,51
2021,46149933,,51
2021,44990470,,51
2021,44990513,,3
2021,44990468,,51
2021,44990441,,51
2021,44990541,,3
2021,44990449,,3
2021,44990531,,3
2021,44990511,,9
2021,44990501,,51
2021,45743505,,3
2021,44990538,,51
2021,44990450,,51
2021,44990458,,51
2021,46150050,,3
2021,44990466,,51
2021,44990481,,51
2021,44990486,,51
2021,44990523,,51
2021,44990507,,3
2021,44990490,,3
2021,45743302,,3
2021,44990566,,3
2021,44990516,,51
2021,44990480,,51
2021,44990496,,51
2021,44990543,,51
2021,44990493,,52
2021,44990545,,3
2021,44990520,,51
2021,44990485,,51
2021,44990447,,52
2021,44990448,,52
2021,44990518,,3
2021,44990492,,51
2021,44990463,,51
2021,44990475,,51
2021,46149926,,52
2021,44990508,,51
2021,44990484,,9
2021,44990527,,51
2021,45743383,,51
2021,44990532,,51
2021,44990563,,51
2021,44990564,,51
2021,44990605,,52
2021,44990594,,3
2021,44990510,,51
2021,45743456,,51
2021,44990555,,51
2021,45743321,,51
2021,45743322,,5
2021,45743323,,51
2021,45743324,,51
2021,45743325,,6
2021,45743326,,51
2021,44990521,,3
2021,44990639,,51
2021,44990621,,51
2021,46150111,,3
2021,44990546,,51
2021,44990600,,51
2021,44990549,,51
2021,44990650,,3
2021,44990611,,51
2021,44990573,,51
2021,44990533,,4
2021,45743514,,3
2021,44990552,,51
2021,44990529,,51
2021,44990583,,51
2021,44990587,,9
2021,44990613,,52
2021,44990559,,9
2021,44990577,,51
2021,45743350,,3
2021,44990534,,3
2021,44990591,,51
2021,44990544,,51
2021,44990592,,51
2021,44990593,,51
2021,44990652,,3
2021,44990590,,51
2021,44990655,,51
2021,44990601,,51
2021,45743458,,51
2021,44990596,,51
2021,45743311,,51
2021,45743440,,51
2021,44990565,,51
2021,44990550,,51
2021,44990662,,51
2021,46149922,,3
2021,46149914,,51
2021,46150040,,3
2021,44990553,,51
2021,44990539,,51
2021,44990598,,51
2021,44990542,,51
2021,44990581,,51
2021,44990597,,51
2021,44990515,,51
2021,44990525,,3
2021,44990576,,51
2021,44990609,,51
2021,44990548,,51
2021,44990579,,51
2021,44990606,,52
2021,44990528,,9
2021,46149906,,3
2021,44990574,,51
2021,44990586,,51
2021,44990547,,51
2021,44990616,,51
2021,44990585,,51
2021,44990610,,51
2021,44990558,,51
2021,44990625,,51
2021,44990589,,51
2021,44990556,,51
2021,45743263,,51
2021,45743455,,51
2021,44990551,,51
2021,44990584,,51
2021,44990554,,51
2021,44990575,,51
2021,44990530,,51
2021,44990649,,51
2021,44990612,,51
2021,44990537,,51
2021,44990604,,9
2021,46149971,,51
2021,44990582,,51
2021,44990603,,51
2021,44990540,,51
2021,44990615,,51
2021,44990602,,51
2021,46149912,,51
2021,44990626,,51
2021,44990599,,51
2021,44990595,,51
2021,45743451,,51
2021,44990703,,51
2021,44990739,,9
2021,46150023,,51
2021,44990730,,3
2021,44990736,,51
2021,44990608,,51
2021,46149949,,51
2021,44990640,,51
2021,44990637,,52
2021,44990741,,51
2021,44990714,,51
2021,44990671,,51
2021,44990693,,3
2021,44990632,,51
2021,44990701,,3
2021,44990691,,51
2021,44990629,,51
2021,44990733,,9
2021,44990674,,51
2021,44990717,,51
2021,44990659,,51
2021,44990677,,52
2021,44990696,,51
2021,44990661,,51
2021,44990675,,51
2021,44990644,,51
2021,44990619,,3
2021,44990620,,51
2021,44990709,,51
2021,44990673,,51
2021,44990672,,51
2021,44990653,,3
2021,45743564,,51
2021,44990622,,51
2021,44990718,,51
2021,44990665,,51
2021,44990760,,51
2021,44990751,,51
2021,44990755,,51
2021,44990647,,51
2021,44990657,,51
2021,44990689,,51
2021,44990687,,51
2021,44990636,,51
2021,44990664,,51
2021,44990688,,51
2021,44990707,,51
2021,44990713,,51
2021,44990685,,51
2021,44990638,,9
2021,44990708,,3
2021,44990656,,3
2021,45743560,,51
2021,44990645,,51
2021,44990702,,51
2021,44990681,,51
2021,44990695,,51
2021,44990670,,51
2021,44990660,,51
2021,44990617,,51
2021,44990624,,9
2021,44990663,,51
2021,44990723,,51
2021,44990618,,51
2021,44990643,,51
2021,44990699,,51
2021,44990700,,51
2021,44990747,,51
2021,44990705,,51
2021,44990684,,51
2021,44990715,,51
2021,44990731,,51
2021,44990682,,51
2021,44990623,,51
2021,44990721,,51
2021,44990712,,51
2021,44990646,,9
2021,44990704,,51
2021,44990706,,51
2021,44990694,,51
2021,44990724,,9
2021,44990764,,51
2021,44990635,,9
2021,44990678,,51
2021,44990697,,3
2021,44990648,,51
2021,44990631,,51
2021,44990627,,51
2021,44990628,,51
2021,45743533,,51
2021,45743563,,3
2021,44990676,,51
2021,44990686,,51
2021,44990642,,51
2021,44990763,,3
2021,44990654,,51
2021,45743553,,51
2021,44990692,,51
2021,44990630,,51
2021,44990750,,51
2021,44990634,,51
2021,44990641,,51
2021,45743608,,51
2021,44990679,,51
2021,45743554,,9
2021,46149967,,3
2021,44990719,,3
2021,44990720,,3
2021,44990748,,3
2021,45743548,,51
2021,44990651,,51
2021,44990614,,51
2021,44990761,,51
2021,44990752,,51
2021,44990666,,51
2021,44990667,,51
2021,44990668,,51
2021,44990669,,51
2021,44990728,,51
2021,44990680,,51
2021,44990683,,52
2021,44990690,,52
2021,46149952,,3
2021,44990658,,51
2021,44990710,,3
2021,45743512,,3
2021,44990633,,3
2021,44990737,,51
2021,44990738,,51
2021,44990744,,51
2021,44990758,,51
2021,44990789,,51
2021,44990790,,51
2021,44990770,,51
2021,44990759,,51
2021,45743574,,52
2021,44990786,,51
2021,44990722,,51
2021,44990787,,51
2021,46149932,,51
2021,45743607,,51
2021,45743511,,51
2021,44990735,,51
2021,45743551,,51
2021,46149973,,51
2021,45743537,,51
2021,44990756,,51
2021,45743546,,9
2021,45743581,,51
2021,44990749,,9
2021,44990726,,51
2021,45743516,,51
2021,45743543,,51
2021,45743534,,51
2021,45743535,,51
2021,45743536,,51
2021,45743558,,51
2021,45743532,,51
2021,45743572,,51
2021,44990775,,51
2021,44990781,,9
2021,44990762,,51
2021,44990766,,3
2021,45743531,,51
2021,44990768,,51
2021,45743544,,51
2021,45743538,,51
2021,45743584,,53
2021,45743570,,51
2021,45743545,,3
2021,45743539,,9
2021,45743515,,51
2021,45743507,,3
2021,45743569,,51
2021,45743549,,51
2021,45743566,,3
2021,45743550,,51
2021,45743555,,3
2021,45743541,,51
2021,45743587,,51
2021,45743612,,3
2021,45743613,,3
2021,45743614,,3
2021,45743547,,51
2021,45743562,,51
2021,45743632,,3
2021,45743542,,4
2021,45743618,,3
2021,45743619,,3
2021,45743620,,3
2021,45743621,,9
2021,45743652,,51
2021,45743589,,3
2021,45743595,,3
2021,46149986,,51
2021,45743678,,51
2021,45743668,,51
2021,45743726,,51
2021,46150168,,51
2021,46150734,,51
2021,41430382,,51
2021,41846148,,51
2021,41430385,,51
2021,41430381,,51
2021,42184465,,51
2021,41430383,,51
2021,41430384,,51
2021,41430378,,51
2021,41425426,,52
2021,41430377,,51
2021,45445594,,51
2021,41430380,,51
2021,41430379,,51
2021,41430373,,51
2021,42695578,,51
2021,41425425,,51
2021,41430376,,51
2021,41430374,,51
2021,45445540,,52
2021,41425412,,52
2021,41430369,,51
2021,41430370,,51
2021,41430371,,51
2021,42184462,,51
2021,42184463,,51
2021,41430372,,51
2021,42184406,,51
2021,41425421,,51
2021,41425420,,51
2021,43409148,,51
2021,41430368,,51
2021,41430365,,51
2021,41430367,,51
2021,42184783,,51
2021,45445569,,4
2021,42184764,,51
2021,41846105,,51
2021,41425418,,51
2021,41846115,,51
2021,42695593,,51
2021,42184459,,51
2021,41425415,,52
2021,41425410,,51
2021,43062944,,51
2021,41430362,,51
2021,42184757,,51
2021,42184791,,51
2021,42695650,,51
2021,41430360,,51
2021,42184765,,51
2021,41430359,,51
2021,45445537,,51
2021,42184419,,51
2021,41425409,,51
2021,41846146,,51
2021,41430358,,51
2021,41425404,,51
2021,41425406,,51
2021,41846126,,51
2021,41425407,,51
2021,41430356,,51
2021,41425405,,51
2021,42184467,,51
2021,41430354,,51
2021,41846147,,51
2021,41430355,,51
2021,41846144,,51
2021,41842396,,51
2021,41846145,,51
2021,41846140,,51
2021,42184427,,51
2021,41846136,,51
2021,41846132,,51
2021,42695594,,51
2021,41846139,,51
2021,41846138,,51
2021,41846134,,51
2021,41846124,,51
2021,41842390,,51
2021,41846130,,51
2021,41846131,,51
2021,41846127,,51
2021,41846129,,51
2021,41846128,,51
2021,42184454,,51
2021,42184790,,52
2021,41846121,,51
2021,41846123,,51
2021,41846111,,51
2021,41846120,,51
2021,41846113,,51
2021,41846114,,51
2021,41846102,,51
2021,41842386,,52
2021,41842387,,51
2021,41846110,,51
2021,41846108,,51
2021,42491681,,51
2021,42491682,,51
2021,42491683,,51
2021,41846095,,51
2021,42184800,,51
2021,45445533,,51
2021,45445534,,52
2021,45445535,,51
2021,41846107,,51
2021,41846106,,51
2021,41846104,,51
2021,42491649,,51
2021,42491656,,51
2021,41846101,,51
2021,41846094,,51
2021,41846093,,51
2021,41842382,,52
2021,41846099,,51
2021,41846096,,51
2021,42184414,,51
2021,41846092,,51
2021,41846097,,51
2021,41846098,,51
2021,42184756,,51
2021,41846091,,51
2021,42184705,,51
2021,42184747,,51
2021,42184715,,51
2021,45445562,,3
2021,42184486,,51
2021,42184861,,51
2021,42184580,,51
2021,42184535,,52
2021,42184473,,52
2021,42184473,,53
2021,42184457,,51
2021,42184475,,52
2021,42184491,,51
2021,42184489,,51
2021,42184517,,51
2021,42184485,,51
2021,42184503,,51
2021,42184504,,51
2021,45445586,,3
2021,42184481,,51
2021,42184471,,51
2021,42184500,,51
2021,42184469,,51
2021,42184458,,51
2021,42184452,,51
2021,42184478,,52
2021,42184448,,51
2021,42184466,,51
2021,42184442,,51
2021,42184434,,51
2021,42184476,,51
2021,42184464,,53
2021,42184449,,51
2021,42184455,,51
2021,42184461,,51
2021,42184446,,51
2021,42184438,,51
2021,42184439,,51
2021,42184440,,51
2021,42184447,,52
2021,42184437,,51
2021,42491627,,51
2021,42184710,,51
2021,43667033,,51
2021,42184432,,51
2021,42184699,,51
2021,42184700,,51
2021,42184433,,51
2021,42184453,,51
2021,42184693,,51
2021,42184701,,51
2021,42184436,,51
2021,42184450,,51
2021,42491674,,51
2021,42184444,,51
2021,42184672,,51
2021,42184430,,51
2021,42491671,,51
2021,42184666,,51
2021,42184678,,51
2021,42184713,,51
2021,42184645,,51
2021,45445565,,51
2021,42184691,,51
2021,42184646,,51
2021,42184425,,51
2021,42184415,,51
2021,42184416,,51
2021,42491657,,51
2021,42184670,,51
2021,42184412,,51
2021,42184410,,51
2021,43062935,,51
2021,42184642,,51
2021,42184423,,51
2021,42184422,,51
2021,42184420,,51
2021,42491689,,51
2021,42184498,,51
2021,42184505,,51
2021,42184506,,51
2021,42184424,,51
2021,45445538,,52
2021,45445539,,51
2021,42184418,,51
2021,42184409,,51
2021,45445651,,51
2021,42184411,,51
2021,42184417,,51
2021,42491664,,51
2021,42184541,,51
2021,42184435,,51
2021,42184533,,52
2021,42491688,,51
2021,42184445,,51
2021,42184443,,51
2021,42184441,,51
2021,42184426,,51
2021,42491687,,51
2021,45445555,,3
2021,42184431,,51
2021,42184405,,52
2021,42491684,,52
2021,42491685,,52
2021,42491690,,51
2021,42491691,,51
2021,42695624,,51
2021,42695628,,51
2021,42695638,,51
2021,42491668,,51
2021,42491693,,51
2021,42491680,,51
2021,42491663,,53
2021,42491670,,51
2021,42491695,,51
2021,42491699,,52
2021,42491702,,51
2021,42491651,,52
2021,42491700,,51
2021,42491692,,51
2021,42491694,,52
2021,42491696,,51
2021,42491701,,51
2021,42491698,,51
2021,42491697,,51
2021,45445532,,52
2021,42491672,,51
2021,42695605,,51
2021,42491632,,51
2021,42491669,,51
2021,42491666,,51
2021,42491644,,52
2021,42491662,,51
2021,42491667,,51
2021,42491658,,51
2021,42695607,,51
2021,42491676,,51
2021,42491650,,51
2021,42491661,,51
2021,42695597,,51
2021,42491638,,51
2021,42491677,,51
2021,42491643,,51
2021,42491654,,51
2021,42491673,,51
2021,42491659,,51
2021,42491621,,52
2021,42491665,,52
2021,42491626,,52
2021,42491655,,51
2021,42491652,,51
2021,42491648,,51
2021,42491631,,51
2021,45445529,,52
2021,42491630,,51
2021,42491647,,51
2021,43062975,,51
2021,42695604,,51
2021,42491640,,52
2021,42491625,,51
2021,43940220,,51
2021,42491653,,52
2021,42491628,,51
2021,42491629,,51
2021,45445603,,51
2021,42491633,,51
2021,42695613,,51
2021,42491639,,51
2021,42491642,,51
2021,43409105,,51
2021,43940231,,51
2021,42491641,,51
2021,42491679,,51
2021,42491678,,51
2021,42491675,,51
2021,42491645,,51
2021,42491636,,51
2021,42491637,,51
2021,42695570,,51
2021,42491635,,52
2021,42491634,,51
2021,42491624,,51
2021,42491620,,51
2021,43940221,,51
2021,42491622,,51
2021,42695653,,51
2021,42695654,,51
2021,42491623,,52
2021,42695647,,51
2021,45445632,,51
2021,42695648,,51
2021,42695649,,51
2021,42695652,,51
2021,42695641,,51
2021,42695640,,51
2021,42695635,,51
2021,42695646,,51
2021,42695630,,51
2021,42695583,,51
2021,42695632,,51
2021,42695633,,51
2021,42695631,,51
2021,43666987,,51
2021,42695611,,51
2021,42695623,,51
2021,42695639,,51
2021,42695626,,51
2021,42695651,,51
2021,43409076,,51
2021,43940217,,51
2021,43409087,,51
2021,42695637,,51
2021,42695610,,51
2021,42695644,,51
2021,43062979,,51
2021,42695634,,51
2021,42695620,,51
2021,42695621,,51
2021,43667020,,51
2021,42695636,,51
2021,42695609,,51
2021,42695606,,51
2021,42695627,,51
2021,42695629,,51
2021,45941179,,51
2021,42695615,,51
2021,43940214,,51
2021,42695619,,51
2021,43409132,,51
2021,43940227,,51
2021,42695618,,51
2021,42695603,,51
2021,42695601,,51
2021,42695602,,51
2021,42695584,,51
2021,42695608,,51
2021,42695599,,52
2021,45445624,,4
2021,42695589,,51
2021,42695580,,51
2021,42695586,,51
2021,42695612,,51
2021,43062959,,51
2021,43409138,,51
2021,42695581,,51
2021,42695571,,51
2021,43062977,,51
2021,43062966,,51
2021,42695614,,51
2021,42695600,,51
2021,42695577,,51
2021,43409144,,51
2021,43062950,,51
2021,42695598,,51
2021,44402148,,51
2021,42695591,,51
2021,43409150,,51
2021,42695579,,51
2021,44646238,,51
2021,43062953,,51
2021,43062954,,51
2021,42695590,,51
2021,42695587,,51
2021,42695566,,51
2021,42695567,,51
2021,42695576,,51
2021,43062919,,51
2021,43667060,,51
2021,43062928,,51
2021,42695572,,51
2021,42695573,,51
2021,42695574,,51
2021,43062961,,51
2021,42695565,,51
2021,42695569,,51
2021,43062949,,51
2021,43409103,,51
2021,43409147,,51
2021,43062945,,52
2021,43062943,,51
2021,43062936,,51
2021,43062933,,51
2021,43062960,,51
2021,43062941,,51
2021,43409078,,51
2021,43062940,,51
2021,43062939,,51
2021,43062883,,51
2021,43062946,,51
2021,43062952,,51
2021,43062973,,51
2021,43666985,,51
2021,43062976,,51
2021,43062948,,51
2021,43062932,,52
2021,43667018,,51
2021,43062978,,51
2021,43062929,,51
2021,43062927,,51
2021,43062917,,51
2021,43409140,,51
2021,43062920,,51
2021,43940199,,51
2021,43062915,,51
2021,43062970,,51
2021,43062971,,51
2021,43062972,,51
2021,43062969,,51
2021,43940238,,51
2021,43940239,,51
2021,43062893,,51
2021,43667046,,51
2021,43062905,,51
2021,43062913,,51
2021,43062964,,51
2021,43062967,,51
2021,43062968,,51
2021,43062909,,51
2021,43409085,,51
2021,43062907,,51
2021,43062900,,51
2021,43062965,,51
2021,43062903,,51
2021,43062963,,51
2021,43062897,,51
2021,44402169,,51
2021,43409061,,51
2021,43062958,,51
2021,43409142,,52
2021,43409143,,52
2021,43062947,,51
2021,43062896,,51
2021,43940244,,51
2021,43062962,,51
2021,43062889,,51
2021,43062886,,51
2021,43409064,,51
2021,43062880,,51
2021,43062902,,51
2021,43667059,,51
2021,43062895,,51
2021,43062906,,51
2021,43062942,,52
2021,43062881,,51
2021,43062937,,51
2021,43062887,,51
2021,43062951,,51
2021,43062908,,51
2021,43062898,,51
2021,43062899,,51
2021,43062894,,51
2021,43062888,,51
2021,43062931,,51
2021,43940191,,51
2021,43062882,,51
2021,43062930,,51
2021,43062885,,51
2021,43062926,,51
2021,43409155,,51
2021,43409156,,51
2021,45941173,,51
2021,43940241,,51
2021,43409097,,51
2021,43062922,,51
2021,43062923,,51
2021,43062891,,52
2021,43062878,,51
2021,43062916,,51
2021,43062912,,52
2021,43409129,,51
2021,43409117,,51
2021,43062890,,52
2021,43409099,,51
2021,43062914,,51
2021,45445615,,51
2021,43062925,,51
2021,43062921,,51
2021,43409153,,52
2021,43409154,,51
2021,43062911,,51
2021,43409133,,52
2021,43666994,,51
2021,43666988,,51
2021,43666990,,51
2021,43062877,,51
2021,45941208,,51
2021,43409112,,51
2021,43409113,,51
2021,43409141,,51
2021,43409152,,51
2021,43667065,,51
2021,43409149,,51
2021,44646219,,51
2021,43409124,,51
2021,43409125,,52
2021,43409151,,51
2021,45445527,,51
2021,43409118,,51
2021,43409127,,51
2021,43409128,,51
2021,43409157,,51
2021,43940218,,51
2021,43409131,,51
2021,43409122,,52
2021,43409120,,51
2021,43409126,,51
2021,45445593,,3
2021,43409107,,52
2021,43409145,,51
2021,43409130,,51
2021,43409119,,51
2021,43409110,,51
2021,43409123,,51
2021,43409139,,51
2021,43409111,,51
2021,43409114,,51
2021,43409134,,51
2021,43409108,,52
2021,43409137,,51
2021,43409109,,51
2021,43409106,,51
2021,43409135,,51
2021,43409136,,51
2021,45445587,,3
2021,43666975,,52
2021,43409115,,51
2021,43409121,,51
2021,43666999,,51
2021,43409101,,51
2021,44402135,,51
2021,43409083,,51
2021,45941185,,51
2021,45941186,,51
2021,45941187,,51
2021,45445568,,3
2021,43409093,,51
2021,43409094,,51
2021,43409079,,51
2021,43409091,,51
2021,43666984,,51
2021,43409092,,51
2021,43409089,,51
2021,43667042,,51
2021,43409088,,51
2021,43409080,,51
2021,43409082,,52
2021,43409086,,51
2021,43409084,,51
2021,43409077,,51
2021,43409075,,51
2021,43940216,,51
2021,43666989,,51
2021,43409071,,51
2021,43409073,,51
2021,43409074,,51
2021,43409059,,51
2021,43667023,,51
2021,43409066,,53
2021,45445559,,51
2021,43409062,,52
2021,43409069,,51
2021,43409072,,51
2021,43667057,,51
2021,43409070,,51
2021,45445526,,51
2021,43409068,,51
2021,43409063,,51
2021,43409067,,51
2021,43667054,,51
2021,43667061,,51
2021,43409060,,51
2021,44646224,,51
2021,43667044,,51
2021,43667058,,51
2021,43667043,,52
2021,43667047,,51
2021,43667039,,51
2021,44646196,,51
2021,43667049,,51
2021,43667041,,51
2021,44646179,,51
2021,43667045,,51
2021,43667055,,51
2021,43667056,,51
2021,43667048,,51
2021,43667064,,51
2021,43667052,,51
2021,45941174,,51
2021,44646235,,51
2021,43667066,,51
2021,43667005,,51
2021,44402139,,51
2021,43667010,,52
2021,43667040,,51
2021,43667038,,51
2021,43667008,,51
2021,43667009,,51
2021,43667035,,52
2021,43667031,,51
2021,43667036,,51
2021,43667026,,51
2021,43940257,,51
2021,43667037,,52
2021,43667034,,51
2021,43667003,,51
2021,43667021,,51
2021,43667002,,51
2021,45445633,,51
2021,43667013,,51
2021,43667015,,51
2021,43667016,,51
2021,43667024,,51
2021,43667025,,51
2021,43667011,,51
2021,43667012,,51
2021,43667017,,51
2021,43667022,,51
2021,43667032,,51
2021,43667014,,51
2021,43667007,,51
2021,44969247,,51
2021,43667029,,51
2021,43666996,,51
2021,43667079,,51
2021,43667000,,51
2021,43667001,,51
2021,43666973,,52
2021,43666983,,51
2021,43667004,,51
2021,43667019,,52
2021,43666997,,51
2021,43940201,,52
2021,43667074,,51
2021,43940255,,51
2021,43666979,,51
2021,43666980,,51
2021,43667082,,51
2021,43666993,,51
2021,43666991,,51
2021,43940240,,51
2021,43940225,,51
2021,43666963,,51
2021,43666982,,51
2021,43940245,,51
2021,43666981,,52
2021,43666978,,51
2021,43666992,,51
2021,44969251,,51
2021,43667078,,51
2021,43666969,,51
2021,43666970,,51
2021,43940228,,51
2021,43666976,,51
2021,43940184,,52
2021,43940252,,51
2021,43940253,,51
2021,43940254,,51
2021,43667081,,51
2021,43666967,,51
2021,43940237,,53
2021,43940232,,51
2021,43940235,,51
2021,43940246,,51
2021,43666968,,51
2021,43667080,,51
2021,43940187,,51
2021,43940261,,51
2021,43940230,,51
2021,43940223,,51
2021,44402134,,51
2021,45445563,,9
2021,45445520,,52
2021,44402072,,51
2021,43940250,,52
2021,43940233,,52
2021,43940260,,51
2021,43940236,,51
2021,43940226,,52
2021,43940258,,51
2021,43940256,,51
2021,43940234,,52
2021,43940247,,51
2021,43940213,,51
2021,44402161,,51
2021,43940248,,51
2021,43940229,,51
2021,43940208,,51
2021,45445528,,51
2021,45445545,,51
2021,43940242,,51
2021,43940224,,51
2021,43940251,,52
2021,43940219,,51
2021,43940215,,51
2021,43940210,,51
2021,44402070,,51
2021,43940206,,51
2021,44402123,,51
2021,43940211,,51
2021,43940190,,51
2021,43940212,,51
2021,44646202,,51
2021,43940205,,51
2021,43940209,,52
2021,43940204,,51
2021,43940194,,51
2021,43940197,,51
2021,43940192,,52
2021,45445515,,51
2021,43940203,,51
2021,43940200,,52
2021,43940198,,51
2021,44402138,,52
2021,43940186,,52
2021,43940188,,51
2021,43940189,,51
2021,43940195,,51
2021,44646197,,51
2021,44402145,,51
2021,44402146,,51
2021,43940193,,51
2021,45445556,,51
2021,44646200,,51
2021,43940181,,51
2021,45445639,,51
2021,45445640,,51
2021,44402141,,51
2021,44402143,,51
2021,44402142,,52
2021,44402127,,51
2021,43940180,,51
2021,44402131,,51
2021,44402132,,51
2021,44402136,,51
2021,44402133,,52
2021,44402147,,51
2021,44969203,,51
2021,44402137,,52
2021,44402130,,51
2021,44646248,,51
2021,44402129,,51
2021,44402120,,51
2021,44402170,,51
2021,44402126,,51
2021,44402119,,52
2021,44402144,,51
2021,44402140,,51
2021,44402121,,51
2021,44646234,,51
2021,45941157,,51
2021,44402125,,51
2021,44402166,,51
2021,44402167,,51
2021,44402118,,51
2021,44402112,,51
2021,45445601,,3
2021,44402110,,51
2021,44402158,,51
2021,44402159,,51
2021,44402168,,51
2021,44969224,,51
2021,44402102,,51
2021,44402155,,51
2021,44402105,,51
2021,45941171,,3
2021,44402153,,51
2021,44402099,,51
2021,44646228,,51
2021,45445590,,3
2021,44402157,,51
2021,44402163,,51
2021,44402164,,51
2021,44402149,,51
2021,44402154,,51
2021,44402152,,52
2021,44402150,,51
2021,44402151,,51
2021,44969258,,51
2021,44969216,,51
2021,44402156,,51
2021,44402128,,52
2021,44402093,,51
2021,44402160,,51
2021,44402162,,51
2021,44646245,,51
2021,44646195,,51
2021,44402106,,52
2021,44969263,,51
2021,45941199,,51
2021,45445549,,51
2021,44402094,,51
2021,44402091,,51
2021,44402116,,51
2021,44402103,,51
2021,44402089,,51
2021,44402092,,52
2021,44402087,,51
2021,44402080,,53
2021,45941139,,51
2021,44402085,,51
2021,44402082,,51
2021,44402079,,51
2021,44402081,,52
2021,45445552,,51
2021,44402107,,52
2021,44969236,,51
2021,44402114,,51
2021,44402115,,51
2021,44402098,,51
2021,44402104,,51
2021,44646215,,51
2021,44402083,,51
2021,44402084,,51
2021,45445523,,51
2021,44969227,,51
2021,44402111,,51
2021,44402124,,51
2021,44402109,,51
2021,45445648,,51
2021,44402097,,51
2021,44402075,,51
2021,44402100,,51
2021,44402101,,51
2021,44402077,,51
2021,44402078,,51
2021,44402096,,51
2021,45445637,,51
2021,44402071,,51
2021,44646218,,51
2021,44646229,,51
2021,44402076,,51
2021,44402073,,51
2021,44646249,,51
2021,44646222,,51
2021,44646223,,51
2021,44646226,,51
2021,45941133,,51
2021,45941154,,51
2021,44646225,,51
2021,44646247,,53
2021,45941155,,51
2021,45445571,,51
2021,45445572,,51
2021,45445573,,51
2021,45445574,,51
2021,45445575,,3
2021,45445576,,51
2021,45445577,,51
2021,45445578,,51
2021,45445579,,51
2021,44646220,,52
2021,44969259,,51
2021,44646244,,51
2021,44646199,,51
2021,44646221,,51
2021,44646246,,52
2021,44646242,,51
2021,44646172,,51
2021,44646243,,51
2021,44646241,,51
2021,44646212,,52
2021,44646240,,52
2021,44646194,,51
2021,44646216,,51
2021,44646217,,51
2021,44646184,,51
2021,44646214,,51
2021,44969265,,51
2021,44646192,,51
2021,44969282,,51
2021,44646178,,51
2021,44646190,,51
2021,44646237,,51
2021,44646201,,51
2021,44646183,,51
2021,44646239,,51
2021,45941180,,51
2021,44646189,,51
2021,44646186,,52
2021,44646188,,51
2021,44646236,,52
2021,44646177,,51
2021,44969262,,51
2021,44646232,,52
2021,44646233,,51
2021,44646191,,51
2021,44646175,,51
2021,44646176,,51
2021,44646168,,51
2021,44646198,,51
2021,45445654,,51
2021,44646187,,51
2021,44646185,,51
2021,44646230,,51
2021,44646171,,51
2021,44646181,,51
2021,44646170,,51
2021,44646174,,51
2021,44646173,,52
2021,44646180,,51
2021,44969285,,51
2021,45445558,,3
2021,44646231,,51
2021,44969286,,52
2021,44646166,,51
2021,44646167,,51
2021,44969274,,51
2021,44646164,,51
2021,44969249,,51
2021,44969256,,51
2021,44969257,,51
2021,44646165,,52
2021,45445517,,52
2021,44969243,,51
2021,44969246,,52
2021,44969287,,51
2021,44969232,,51
2021,44969255,,51
2021,44969241,,51
2021,44969221,,51
2021,44969279,,51
2021,44969245,,52
2021,45941181,,51
2021,44969244,,51
2021,44969240,,51
2021,44969242,,51
2021,44969252,,51
2021,45941188,,51
2021,44969253,,52
2021,44969281,,51
2021,44969283,,53
2021,44969228,,51
2021,44969229,,51
2021,44969230,,51
2021,45445548,,51
2021,45445554,,3
2021,44969271,,51
2021,45445530,,51
2021,45445531,,52
2021,44969280,,51
2021,44969222,,51
2021,45445547,,51
2021,44969225,,51
2021,45445596,,3
2021,45445643,,3
2021,44969226,,51
2021,44969234,,51
2021,44969231,,51
2021,44969273,,51
2021,44969213,,51
2021,44969214,,51
2021,45941150,,51
2021,44969212,,51
2021,44969211,,51
2021,44969269,,51
2021,44969275,,51
2021,45445580,,51
2021,44969208,,52
2021,45941191,,51
2021,44969205,,51
2021,44969209,,51
2021,44969204,,51
2021,45445656,,51
2021,44969235,,52
2021,45941144,,51
2021,44969201,,51
2021,44969202,,51
2021,44969206,,51
2021,44969220,,52
2021,45445581,,3
2021,45445635,,51
2021,45941129,,51
2021,45445642,,51
2021,44969239,,52
2021,45445641,,51
2021,44969210,,51
2021,45941190,,51
2021,44969238,,51
2021,44969237,,52
2021,45445542,,51
2021,45445543,,51
2021,45445544,,51
2021,44969215,,51
2021,44969207,,51
2021,45445625,,51
2021,45445626,,51
2021,45941178,,51
2021,44969200,,51
2021,44969199,,51
2021,45941124,,51
2021,45445652,,51
2021,45445655,,52
2021,45445657,,51
